"Table 1.1.6. Real Gross Domestic Product, Chained Dollars"
"Table 1.1.6. Real Gross Domestic Product, Chained Dollars"
"Last Revised on: September 25, 2025 - Next Release Date October 30, 2025"
Line,,1985,1985,1985,1985,1986,1986,1986,1986,1987,1987,1987,1987,1988,1988,1988,1988,1989,1989,1989,1989,1990,1990,1990,1990,1991,1991,1991,1991,1992,1992,1992,1992,1993,1993,1993,1993,1994,1994,1994,1994,1995,1995,1995,1995,1996,1996,1996,1996,1997,1997,1997,1997,1998,1998,1998,1998,1999,1999,1999,1999,2000,2000,2000,2000,2001,2001,2001,2001,2002,2002,2002,2002,2003,2003,2003,2003,2004,2004,2004,2004,2005,2005,2005,2005,2006,2006,2006,2006,2007,2007,2007,2007,2008,2008,2008,2008,2009,2009,2009,2009,2010,2010,2010,2010,2011,2011,2011,2011,2012,2012,2012,2012,2013,2013,2013,2013,2014,2014,2014,2014,2015,2015,2015,2015,2016,2016,2016,2016,2017,2017,2017,2017,2018,2018,2018,2018,2019,2019,2019,2019,2020,2020,2020,2020,2021,2021,2021,2021,2022,2022,2022,2022,2023,2023,2023,2023,2024,2024,2024,2024,2025,2025
Line,,Q1,Q2,Q3,Q4,Q1,Q2,Q3,Q4,Q1,Q2,Q3,Q4,Q1,Q2,Q3,Q4,Q1,Q2,Q3,Q4,Q1,Q2,Q3,Q4,Q1,Q2,Q3,Q4,Q1,Q2,Q3,Q4,Q1,Q2,Q3,Q4,Q1,Q2,Q3,Q4,Q1,Q2,Q3,Q4,Q1,Q2,Q3,Q4,Q1,Q2,Q3,Q4,Q1,Q2,Q3,Q4,Q1,Q2,Q3,Q4,Q1,Q2,Q3,Q4,Q1,Q2,Q3,Q4,Q1,Q2,Q3,Q4,Q1,Q2,Q3,Q4,Q1,Q2,Q3,Q4,Q1,Q2,Q3,Q4,Q1,Q2,Q3,Q4,Q1,Q2,Q3,Q4,Q1,Q2,Q3,Q4,Q1,Q2,Q3,Q4,Q1,Q2,Q3,Q4,Q1,Q2,Q3,Q4,Q1,Q2,Q3,Q4,Q1,Q2,Q3,Q4,Q1,Q2,Q3,Q4,Q1,Q2,Q3,Q4,Q1,Q2,Q3,Q4,Q1,Q2,Q3,Q4,Q1,Q2,Q3,Q4,Q1,Q2,Q3,Q4,Q1,Q2,Q3,Q4,Q1,Q2,Q3,Q4,Q1,Q2,Q3,Q4,Q1,Q2,Q3,Q4,Q1,Q2,Q3,Q4,Q1,Q2
1,"        Gross domestic product",8400.8,8474.8,8604.2,8668.2,8749.1,8788.5,8872.6,8920.2,8986.4,9083.3,9162.0,9319.3,9367.5,9490.6,9546.2,9673.4,9771.7,9846.3,9919.2,9938.8,10047.4,10083.9,10090.6,9998.7,9951.9,10029.5,10080.2,10115.3,10236.4,10347.4,10449.7,10558.6,10576.3,10637.8,10688.6,10834.0,10939.1,11087.4,11152.2,11279.9,11320.0,11353.7,11450.3,11528.1,11614.4,11808.1,11914.1,12037.8,12115.5,12317.2,12471.0,12577.5,12703.7,12821.3,12982.8,13191.7,13315.6,13426.7,13604.8,13828.0,13878.1,14130.9,14145.3,14229.8,14183.1,14271.7,14214.5,14253.6,14372.8,14460.8,14519.6,14537.6,14614.1,14743.6,14988.8,15162.8,15248.7,15366.9,15512.6,15670.9,15844.7,15922.8,16047.6,16136.7,16353.8,16396.2,16420.7,16561.9,16611.7,16713.3,16809.6,16915.2,16843.0,16943.3,16854.3,16485.4,16298.3,16269.1,16326.3,16502.8,16582.7,16743.2,16872.3,16960.9,16920.6,17035.1,17031.3,17222.6,17367.0,17444.5,17469.7,17489.9,17662.4,17709.7,17860.5,18016.1,17954.0,18185.9,18406.9,18500.0,18666.6,18782.2,18857.4,18892.2,19001.7,19062.7,19197.9,19304.4,19398.3,19506.9,19660.8,19882.4,20044.1,20150.5,20276.2,20304.9,20431.6,20602.3,20843.3,20985.4,20709.2,19078.0,20558.9,20791.9,21082.1,21440.9,21617.8,21988.7,21932.7,21967.0,22125.6,22278.3,22439.6,22580.5,22841.0,23033.8,23082.1,23286.5,23478.6,23586.5,23548.2,23771.0
2,Personal consumption expenditures,5321.2,5370.0,5472.0,5483.9,5531.8,5592.1,5691.0,5725.8,5731.2,5809.4,5875.6,5888.1,5992.1,6036.4,6090.0,6159.2,6187.8,6216.7,6276.9,6304.2,6357.2,6376.6,6401.8,6353.1,6329.2,6381.7,6413.5,6410.3,6530.3,6574.7,6645.1,6724.3,6750.1,6811.5,6887.3,6947.8,7027.3,7081.9,7135.9,7213.1,7231.0,7294.4,7360.5,7411.9,7480.2,7560.7,7606.5,7667.1,7747.9,7782.8,7915.4,8010.0,8091.0,8233.5,8340.8,8461.3,8548.2,8679.1,8776.7,8905.1,9039.7,9124.2,9211.6,9292.1,9325.8,9344.5,9377.0,9528.3,9549.5,9597.8,9665.0,9718.7,9766.6,9878.4,10018.1,10087.1,10181.1,10236.7,10356.9,10474.1,10540.6,10657.4,10745.9,10765.7,10883.1,10939.5,11009.7,11114.8,11183.3,11212.7,11287.5,11331.9,11316.4,11347.6,11260.1,11158.8,11130.5,11075.7,11150.2,11137.9,11202.5,11303.0,11383.6,11453.4,11497.1,11509.0,11544.0,11563.9,11647.3,11667.8,11691.4,11738.0,11814.3,11848.1,11896.3,12001.0,12044.2,12159.9,12280.1,12421.6,12516.9,12603.1,12691.8,12743.4,12839.6,12903.3,12993.1,13060.1,13160.5,13225.7,13315.4,13460.9,13558.4,13631.0,13693.8,13736.6,13758.3,13875.7,14033.2,14125.3,13887.0,12685.3,13813.7,14001.4,14319.6,14820.0,14943.2,15086.9,15100.9,15224.4,15295.8,15326.2,15495.8,15553.7,15671.9,15789.7,15857.7,16009.6,16165.8,16320.9,16345.8,16445.7
3,"    Goods",---,---,---,---,---,---,---,---,---,---,---,---,---,---,---,---,---,---,---,---,---,---,---,---,---,---,---,---,---,---,---,---,---,---,---,---,---,---,---,---,---,---,---,---,---,---,---,---,---,---,---,---,---,---,---,---,---,---,---,---,---,---,---,---,---,---,---,---,---,---,---,---,---,---,---,---,---,---,---,---,---,---,---,---,---,---,---,---,3397.3,3405.2,3426.7,3433.4,3377.0,3371.9,3301.3,3200.6,3201.5,3180.9,3236.3,3219.0,3243.2,3287.4,3312.1,3358.2,3374.9,3362.5,3363.7,3388.0,3430.9,3430.3,3445.4,3469.9,3533.3,3541.0,3569.9,3605.2,3632.2,3700.5,3742.3,3795.9,3845.0,3886.1,3930.2,3948.6,3990.7,4025.5,4068.5,4094.3,4131.2,4175.1,4226.8,4315.7,4355.3,4365.7,4385.6,4408.2,4420.5,4496.8,4561.0,4576.0,4555.8,4456.4,4929.8,4955.6,5160.9,5356.7,5233.5,5279.6,5253.6,5248.3,5215.8,5185.9,5276.6,5282.1,5338.8,5367.6,5349.5,5421.0,5501.9,5594.7,5597.4,5628.4
4,"        Durable goods",---,---,---,---,---,---,---,---,---,---,---,---,---,---,---,---,---,---,---,---,---,---,---,---,---,---,---,---,---,---,---,---,---,---,---,---,---,---,---,---,---,---,---,---,---,---,---,---,---,---,---,---,---,---,---,---,---,---,---,---,---,---,---,---,---,---,---,---,---,---,---,---,---,---,---,---,---,---,---,---,---,---,---,---,---,---,---,---,969.9,980.1,992.1,999.5,967.2,960.3,927.9,859.6,861.1,854.9,896.4,875.3,886.0,913.9,928.2,954.2,962.6,955.8,964.3,987.4,1011.5,1013.4,1026.6,1049.8,1076.2,1081.5,1091.3,1102.5,1121.0,1162.8,1183.0,1205.8,1228.9,1253.7,1270.1,1278.3,1295.3,1306.3,1339.8,1360.8,1371.7,1389.2,1424.9,1477.8,1496.9,1505.6,1516.4,1518.9,1505.4,1549.2,1585.7,1598.6,1534.7,1530.6,1811.3,1823.6,1949.6,2027.8,1895.5,1924.3,1924.1,1917.9,1910.6,1887.3,1967.1,1967.5,1997.8,1998.9,1994.3,2031.8,2074.0,2138.4,2120.1,2132.2
5,"        Nondurable goods",---,---,---,---,---,---,---,---,---,---,---,---,---,---,---,---,---,---,---,---,---,---,---,---,---,---,---,---,---,---,---,---,---,---,---,---,---,---,---,---,---,---,---,---,---,---,---,---,---,---,---,---,---,---,---,---,---,---,---,---,---,---,---,---,---,---,---,---,---,---,---,---,---,---,---,---,---,---,---,---,---,---,---,---,---,---,---,---,2435.0,2429.9,2437.5,2435.5,2416.6,2420.4,2385.1,2362.3,2361.4,2347.3,2354.7,2362.3,2374.8,2387.9,2396.8,2414.6,2422.7,2417.5,2409.3,2408.7,2426.3,2423.6,2424.8,2424.8,2461.5,2463.7,2482.7,2506.7,2514.7,2540.3,2561.8,2592.4,2618.2,2634.0,2661.6,2671.7,2696.7,2720.4,2729.1,2733.6,2759.5,2785.8,2801.8,2838.1,2858.9,2860.8,2870.0,2889.7,2914.9,2947.9,2976.4,2979.1,3020.0,2926.1,3123.8,3137.3,3218.6,3336.3,3342.6,3360.0,3334.4,3335.0,3310.1,3302.6,3317.3,3322.2,3349.4,3376.1,3362.8,3398.0,3438.2,3470.2,3488.9,3507.9
6,"    Services",---,---,---,---,---,---,---,---,---,---,---,---,---,---,---,---,---,---,---,---,---,---,---,---,---,---,---,---,---,---,---,---,---,---,---,---,---,---,---,---,---,---,---,---,---,---,---,---,---,---,---,---,---,---,---,---,---,---,---,---,---,---,---,---,---,---,---,---,---,---,---,---,---,---,---,---,---,---,---,---,---,---,---,---,---,---,---,---,7785.6,7807.3,7860.9,7900.1,7952.0,7991.3,7984.1,7997.2,7965.7,7931.7,7944.7,7952.2,7992.0,8046.0,8101.9,8121.5,8147.7,8174.9,8210.4,8202.5,8239.8,8262.1,8269.4,8289.8,8296.0,8322.6,8339.9,8408.9,8423.2,8466.5,8544.3,8631.2,8675.8,8719.8,8763.4,8796.5,8850.1,8878.6,8925.0,8966.0,9029.3,9050.5,9088.4,9145.3,9203.4,9265.6,9308.6,9329.1,9338.8,9381.2,9474.6,9550.2,9334.4,8250.8,8912.8,9071.6,9191.4,9497.9,9734.6,9832.1,9871.0,9998.8,10101.3,10159.9,10240.0,10291.4,10353.8,10441.9,10524.4,10606.8,10685.1,10752.1,10773.6,10842.3
7,Gross private domestic investment,1169.4,1189.3,1181.2,1224.8,1224.4,1203.0,1170.7,1174.2,1205.9,1206.5,1206.7,1288.9,1227.0,1256.2,1263.2,1282.5,1326.0,1313.2,1301.4,1291.8,1304.6,1305.0,1279.7,1208.1,1167.9,1167.9,1191.0,1233.3,1210.5,1278.9,1289.1,1328.4,1359.8,1367.6,1358.3,1429.7,1484.1,1557.1,1531.7,1594.7,1611.4,1578.0,1568.6,1607.5,1633.3,1711.8,1789.6,1787.2,1823.3,1935.2,1962.1,1990.9,2078.2,2065.3,2119.0,2183.4,2243.5,2244.7,2306.5,2368.0,2351.2,2490.5,2466.4,2471.5,2359.0,2362.7,2311.4,2196.6,2262.1,2298.9,2296.0,2293.7,2312.5,2327.5,2411.6,2493.9,2498.1,2597.5,2638.7,2693.6,2769.3,2733.2,2769.1,2857.4,2899.2,2882.6,2871.6,2818.2,2800.0,2827.0,2794.5,2762.5,2687.0,2641.9,2589.3,2338.9,2073.1,1952.6,1946.9,2128.5,2174.3,2288.5,2390.1,2383.3,2338.9,2434.5,2445.3,2633.8,2692.2,2752.6,2759.9,2736.4,2845.4,2882.5,2999.0,3027.8,2998.1,3121.3,3193.2,3203.4,3314.9,3328.0,3335.3,3315.3,3301.1,3287.0,3301.1,3391.7,3382.7,3435.9,3493.2,3558.9,3612.9,3612.4,3722.2,3724.8,3755.5,3790.0,3819.9,3770.4,3676.3,3163.5,3755.5,3878.9,3849.3,3799.0,3937.3,4191.8,4272.4,4177.0,4105.3,4185.0,4108.5,4180.8,4275.5,4313.2,4296.3,4382.0,4392.2,4315.6,4547.9,4382.8
8,"    Fixed investment",---,---,---,---,---,---,---,---,---,---,---,---,---,---,---,---,---,---,---,---,---,---,---,---,---,---,---,---,---,---,---,---,---,---,---,---,---,---,---,---,---,---,---,---,---,---,---,---,---,---,---,---,---,---,---,---,---,---,---,---,---,---,---,---,---,---,---,---,---,---,---,---,---,---,---,---,---,---,---,---,---,---,---,---,---,---,---,---,2787.0,2800.1,2784.1,2757.4,2714.7,2692.4,2624.4,2451.1,2256.2,2174.4,2182.5,2193.5,2192.7,2272.7,2285.2,2328.8,2325.3,2380.0,2480.4,2544.2,2624.0,2677.2,2681.3,2729.4,2782.6,2811.7,2863.4,2910.2,2946.0,3032.7,3094.5,3137.3,3150.3,3184.5,3220.3,3219.5,3243.2,3267.1,3303.6,3333.7,3376.9,3410.5,3436.6,3516.0,3576.8,3613.8,3623.5,3632.8,3643.1,3710.7,3750.1,3739.5,3711.1,3419.8,3642.2,3784.3,3861.3,3918.9,3906.5,3936.0,4000.5,4019.8,3997.2,3992.1,4039.7,4132.3,4171.2,4218.5,4249.7,4264.9,4281.3,4260.3,4333.6,4380.5
9,"        Nonresidential",---,---,---,---,---,---,---,---,---,---,---,---,---,---,---,---,---,---,---,---,---,---,---,---,---,---,---,---,---,---,---,---,---,---,---,---,---,---,---,---,---,---,---,---,---,---,---,---,---,---,---,---,---,---,---,---,---,---,---,---,---,---,---,---,---,---,---,---,---,---,---,---,---,---,---,---,---,---,---,---,---,---,---,---,---,---,---,---,1940.4,1983.5,2014.6,2045.7,2053.8,2058.0,2019.6,1901.9,1758.6,1705.1,1695.2,1706.6,1718.7,1775.3,1823.7,1859.4,1857.3,1905.7,1995.4,2046.6,2099.3,2146.7,2139.6,2162.9,2196.3,2207.6,2248.2,2302.2,2339.4,2406.4,2458.5,2479.9,2481.1,2498.4,2513.6,2502.5,2504.6,2525.9,2564.0,2584.6,2610.4,2639.8,2665.2,2728.9,2805.3,2837.1,2854.6,2880.4,2899.8,2955.0,2983.5,2970.3,2918.1,2681.1,2796.6,2875.4,2939.9,3010.9,2999.3,3022.1,3110.1,3163.4,3210.2,3266.0,3333.3,3421.8,3436.4,3483.0,3496.0,3517.5,3547.6,3514.4,3595.4,3659.3
10,"            Structures",---,---,---,---,---,---,---,---,---,---,---,---,---,---,---,---,---,---,---,---,---,---,---,---,---,---,---,---,---,---,---,---,---,---,---,---,---,---,---,---,---,---,---,---,---,---,---,---,---,---,---,---,---,---,---,---,---,---,---,---,---,---,---,---,---,---,---,---,---,---,---,---,---,---,---,---,---,---,---,---,---,---,---,---,---,---,---,---,582.4,614.7,644.2,660.7,663.7,674.7,670.6,655.1,606.4,559.9,521.8,477.6,446.0,459.0,452.6,461.6,428.2,458.4,486.1,503.2,527.4,540.3,534.3,524.0,513.0,526.6,552.0,557.4,578.1,598.9,600.8,611.2,604.9,613.4,597.2,577.1,557.4,570.2,592.9,598.4,597.8,599.3,586.4,596.2,631.3,633.9,634.8,616.9,619.2,639.1,664.5,653.2,643.3,569.2,560.9,564.9,573.7,574.6,569.2,556.8,567.5,579.7,594.6,611.0,653.1,683.6,695.0,713.8,704.8,697.8,693.9,679.5,674.2,661.2
11,"            Equipment",---,---,---,---,---,---,---,---,---,---,---,---,---,---,---,---,---,---,---,---,---,---,---,---,---,---,---,---,---,---,---,---,---,---,---,---,---,---,---,---,---,---,---,---,---,---,---,---,---,---,---,---,---,---,---,---,---,---,---,---,---,---,---,---,---,---,---,---,---,---,---,---,---,---,---,---,---,---,---,---,---,---,---,---,---,---,---,---,827.9,839.4,843.6,848.6,844.0,833.8,807.6,713.6,634.1,609.0,624.4,653.3,699.5,745.1,785.2,801.2,821.0,832.3,882.4,902.8,930.9,957.2,954.4,973.4,993.7,995.4,998.0,1038.9,1049.4,1077.7,1111.2,1105.8,1117.4,1122.2,1140.9,1128.4,1125.4,1113.8,1112.6,1118.1,1125.4,1146.8,1165.9,1201.7,1223.0,1225.1,1225.1,1241.2,1248.0,1260.7,1241.9,1213.8,1153.1,1019.9,1126.6,1174.5,1190.2,1224.3,1188.3,1186.8,1223.5,1225.7,1233.8,1241.4,1240.6,1278.0,1269.6,1279.9,1281.4,1309.0,1335.0,1320.6,1386.0,1414.7
12,"            Intellectual property products",---,---,---,---,---,---,---,---,---,---,---,---,---,---,---,---,---,---,---,---,---,---,---,---,---,---,---,---,---,---,---,---,---,---,---,---,---,---,---,---,---,---,---,---,---,---,---,---,---,---,---,---,---,---,---,---,---,---,---,---,---,---,---,---,---,---,---,---,---,---,---,---,---,---,---,---,---,---,---,---,---,---,---,---,---,---,---,---,546.1,549.8,551.7,563.3,573.9,579.5,572.7,568.6,553.1,567.0,572.8,590.2,580.2,577.3,588.5,599.6,605.7,615.6,628.1,642.4,643.8,652.0,653.3,666.1,688.2,685.5,699.8,706.4,713.3,731.4,747.2,764.2,759.6,763.8,775.9,796.9,821.3,841.9,858.9,868.5,887.4,893.7,912.9,931.0,950.8,977.9,994.5,1022.8,1033.4,1055.7,1076.5,1102.5,1119.9,1090.9,1110.7,1138.8,1178.7,1215.8,1245.3,1284.0,1326.2,1365.4,1388.3,1419.5,1438.6,1455.2,1465.5,1480.7,1504.8,1507.3,1517.1,1515.0,1539.0,1593.8
13,"        Residential",---,---,---,---,---,---,---,---,---,---,---,---,---,---,---,---,---,---,---,---,---,---,---,---,---,---,---,---,---,---,---,---,---,---,---,---,---,---,---,---,---,---,---,---,---,---,---,---,---,---,---,---,---,---,---,---,---,---,---,---,---,---,---,---,---,---,---,---,---,---,---,---,---,---,---,---,---,---,---,---,---,---,---,---,---,---,---,---,892.2,857.1,802.6,735.8,677.3,646.6,613.8,554.1,500.3,469.6,491.4,490.4,474.6,499.2,455.0,462.5,461.0,466.2,474.6,486.9,516.3,520.8,534.1,562.0,583.3,603.0,614.0,604.2,601.6,621.4,630.8,653.4,666.3,684.1,705.6,716.6,739.0,741.3,739.3,748.9,766.5,770.8,771.3,787.0,772.1,777.4,770.1,754.6,746.1,758.7,769.6,772.1,793.9,738.9,840.3,899.6,911.8,901.7,899.8,905.8,889.8,863.9,809.2,762.1,749.2,756.9,777.7,780.6,796.2,792.2,782.5,790.7,788.8,778.5
14,"    Change in private inventories",---,---,---,---,---,---,---,---,---,---,---,---,---,---,---,---,---,---,---,---,---,---,---,---,---,---,---,---,---,---,---,---,---,---,---,---,---,---,---,---,---,---,---,---,---,---,---,---,---,---,---,---,---,---,---,---,---,---,---,---,---,---,---,---,---,---,---,---,---,---,---,---,---,---,---,---,---,---,---,---,---,---,---,---,---,---,---,---,29.7,54.9,36.3,31.2,-6.8,-29.6,-14.8,-78.1,-167.7,-219.1,-236.8,-57.5,-6.9,35.3,120.3,68.9,29.1,65.5,-14.9,97.7,77.8,89.5,85.5,24.0,75.9,79.5,137.3,121.4,58.3,92.8,106.0,83.2,169.4,145.3,120.3,99.6,62.4,19.2,-3.7,55.6,7.0,26.0,55.5,42.1,34.1,0.5,92.9,89.8,114.3,82.5,67.5,25.3,-39.9,-261.4,116.0,89.4,-10.3,-120.8,16.8,207.9,227.4,114.4,79.7,160.6,43.5,17.0,67.5,61.9,12.4,75.1,69.4,17.1,172.0,-18.3
15,Net exports of goods and services,---,---,---,---,---,---,---,---,---,---,---,---,---,---,---,---,---,---,---,---,---,---,---,---,---,---,---,---,---,---,---,---,---,---,---,---,---,---,---,---,---,---,---,---,---,---,---,---,---,---,---,---,---,---,---,---,---,---,---,---,---,---,---,---,---,---,---,---,---,---,---,---,---,---,---,---,---,---,---,---,---,---,---,---,---,---,---,---,-676.6,-663.6,-623.3,-560.1,-540.1,-463.7,-442.4,-469.0,-397.5,-304.4,-324.0,-328.8,-341.8,-400.8,-426.8,-382.6,-377.1,-352.1,-350.6,-366.7,-353.3,-341.8,-342.0,-316.6,-303.4,-319.5,-318.8,-275.6,-329.7,-339.9,-335.4,-385.3,-443.6,-458.9,-496.2,-507.1,-510.3,-496.3,-479.5,-537.2,-525.1,-544.6,-541.8,-561.9,-558.5,-549.0,-622.4,-644.3,-619.4,-649.0,-635.0,-561.9,-544.8,-549.4,-721.8,-807.1,-859.7,-904.3,-956.9,-984.6,-1106.8,-1093.0,-953.1,-944.5,-912.2,-928.1,-926.2,-934.1,-964.1,-1032.2,-1064.9,-1069.0,-1380.7,-1058.0
16,"    Exports",394.9,394.1,388.3,399.9,412.5,416.9,426.4,442.4,442.8,461.0,481.0,499.0,526.7,541.4,552.1,569.0,585.9,611.6,617.8,627.2,654.4,662.6,667.6,673.5,677.6,702.3,718.9,735.1,748.4,748.7,764.6,768.4,770.2,779.4,777.3,802.3,810.2,837.6,868.9,889.0,906.1,918.8,958.6,972.2,983.9,999.9,1008.0,1070.9,1091.2,1134.8,1161.1,1159.4,1164.8,1152.0,1146.7,1189.3,1185.4,1200.1,1236.3,1262.7,1280.9,1319.9,1351.6,1338.1,1321.3,1282.5,1216.9,1174.6,1200.2,1236.0,1239.9,1221.6,1217.8,1220.0,1253.3,1309.7,1339.3,1367.4,1371.9,1404.5,1430.8,1462.8,1462.5,1507.8,1569.0,1598.1,1596.0,1656.6,1689.4,1715.0,1768.6,1809.2,1838.0,1892.0,1883.6,1772.8,1631.3,1642.0,1702.7,1796.5,1836.9,1877.3,1931.0,1983.8,2000.8,2034.7,2062.7,2078.4,2103.7,2124.5,2137.5,2139.5,2150.6,2170.1,2188.7,2251.8,2230.2,2278.4,2287.8,2306.7,2288.5,2294.6,2276.1,2273.0,2266.5,2284.1,2321.1,2303.8,2359.9,2367.9,2381.8,2443.5,2459.3,2472.7,2441.8,2451.9,2474.9,2462.4,2462.9,2477.9,2386.7,1886.4,2115.8,2242.3,2247.4,2270.2,2268.6,2402.5,2377.5,2451.7,2538.9,2520.1,2543.5,2509.3,2536.7,2574.6,2603.6,2608.0,2664.3,2658.5,2659.5,2647.3
17,"        Goods",---,---,---,---,---,---,---,---,---,---,---,---,---,---,---,---,---,---,---,---,---,---,---,---,---,---,---,---,---,---,---,---,---,---,---,---,---,---,---,---,---,---,---,---,---,---,---,---,---,---,---,---,---,---,---,---,---,---,---,---,---,---,---,---,---,---,---,---,---,---,---,---,---,---,---,---,---,---,---,---,---,---,---,---,---,---,---,---,1113.2,1128.9,1159.8,1184.8,1207.3,1248.6,1249.6,1150.5,1030.5,1024.8,1075.1,1149.6,1183.3,1217.5,1246.3,1282.7,1296.4,1316.0,1328.4,1357.2,1363.8,1380.5,1388.7,1374.5,1383.7,1405.2,1412.8,1467.3,1441.7,1479.6,1494.4,1506.8,1478.2,1487.6,1472.7,1464.2,1471.6,1471.5,1498.2,1499.6,1532.4,1528.3,1534.9,1591.0,1598.4,1633.5,1600.8,1615.8,1630.1,1599.0,1611.7,1618.8,1595.9,1214.4,1453.8,1546.3,1542.2,1549.1,1533.4,1632.1,1596.8,1645.5,1710.9,1686.5,1711.9,1665.6,1690.0,1716.5,1716.2,1717.7,1752.8,1735.5,1762.1,1741.0
18,"        Services",---,---,---,---,---,---,---,---,---,---,---,---,---,---,---,---,---,---,---,---,---,---,---,---,---,---,---,---,---,---,---,---,---,---,---,---,---,---,---,---,---,---,---,---,---,---,---,---,---,---,---,---,---,---,---,---,---,---,---,---,---,---,---,---,---,---,---,---,---,---,---,---,---,---,---,---,---,---,---,---,---,---,---,---,---,---,---,---,571.9,582.0,605.5,621.3,626.8,638.0,627.3,621.9,605.7,624.6,633.0,649.8,655.1,659.8,685.7,701.7,704.4,719.2,736.3,718.9,739.8,743.2,748.0,767.5,768.9,765.1,776.8,783.1,789.0,798.3,791.7,798.3,810.4,806.8,803.4,809.2,795.0,812.5,822.9,804.2,827.5,839.5,846.9,852.5,860.9,838.9,841.0,836.1,844.9,863.0,851.2,859.0,792.0,669.5,666.1,700.2,708.2,723.5,737.6,772.6,783.9,809.6,831.2,837.2,835.5,846.9,850.2,861.7,890.1,892.8,913.9,924.3,901.0,908.7
19,"    Imports",528.0,554.0,548.6,570.1,569.5,593.8,610.2,615.0,611.3,626.6,638.9,653.5,650.5,643.0,658.1,678.2,681.4,684.6,683.7,696.0,718.1,716.9,714.0,694.8,686.9,699.1,718.8,734.7,740.0,752.2,764.0,782.3,799.3,815.8,826.5,859.7,879.8,912.6,938.2,964.6,985.8,995.1,998.6,1011.3,1044.2,1067.6,1102.2,1123.9,1171.9,1211.2,1255.9,1283.0,1331.1,1361.6,1380.0,1424.7,1464.9,1507.0,1561.5,1601.4,1661.9,1714.8,1776.5,1779.1,1756.1,1699.9,1661.4,1644.2,1690.9,1747.5,1769.8,1801.5,1793.7,1819.8,1848.3,1907.0,1960.5,2037.7,2065.9,2114.1,2132.3,2160.8,2172.9,2243.0,2289.1,2311.9,2335.0,2332.0,2366.0,2378.6,2391.9,2369.3,2378.2,2355.7,2325.9,2241.8,2028.7,1946.4,2026.7,2125.3,2178.7,2278.1,2357.8,2366.4,2378.0,2386.9,2413.3,2445.0,2457.1,2466.2,2479.5,2456.1,2454.0,2489.6,2507.5,2527.3,2559.9,2618.2,2623.2,2692.0,2732.1,2753.5,2772.3,2780.1,2776.8,2780.4,2800.7,2841.0,2885.0,2912.4,2923.6,3005.4,3017.8,3021.7,3064.2,3096.2,3094.3,3111.4,3097.9,3039.8,2931.5,2435.9,2837.6,3049.4,3107.1,3174.4,3225.5,3387.1,3484.4,3544.7,3492.0,3464.6,3455.7,3437.4,3462.9,3508.8,3567.8,3640.2,3729.2,3727.4,4040.2,3705.3
20,"        Goods",---,---,---,---,---,---,---,---,---,---,---,---,---,---,---,---,---,---,---,---,---,---,---,---,---,---,---,---,---,---,---,---,---,---,---,---,---,---,---,---,---,---,---,---,---,---,---,---,---,---,---,---,---,---,---,---,---,---,---,---,---,---,---,---,---,---,---,---,---,---,---,---,---,---,---,---,---,---,---,---,---,---,---,---,---,---,---,---,1922.6,1930.9,1937.9,1918.6,1917.1,1901.0,1865.5,1774.2,1576.7,1496.3,1570.8,1660.2,1711.2,1805.4,1873.5,1883.2,1901.3,1900.6,1919.9,1952.6,1963.1,1969.7,1982.1,1963.0,1972.6,2005.0,2022.2,2036.3,2061.4,2119.1,2124.4,2178.4,2226.4,2243.3,2254.6,2249.9,2249.7,2251.3,2262.9,2309.6,2338.1,2356.3,2348.7,2436.5,2461.4,2466.7,2510.4,2527.7,2514.1,2526.3,2516.9,2462.0,2393.0,2030.6,2416.4,2591.0,2635.0,2673.5,2671.5,2816.0,2897.6,2926.6,2859.3,2838.6,2829.5,2798.7,2826.9,2846.3,2897.7,2960.9,3024.4,3000.9,3332.2,2991.8
21,"        Services",---,---,---,---,---,---,---,---,---,---,---,---,---,---,---,---,---,---,---,---,---,---,---,---,---,---,---,---,---,---,---,---,---,---,---,---,---,---,---,---,---,---,---,---,---,---,---,---,---,---,---,---,---,---,---,---,---,---,---,---,---,---,---,---,---,---,---,---,---,---,---,---,---,---,---,---,---,---,---,---,---,---,---,---,---,---,---,---,440.6,445.3,452.2,448.9,460.9,453.9,463.1,476.0,464.0,463.7,468.7,476.6,477.9,480.7,491.7,490.1,481.6,492.7,500.4,497.6,499.1,501.8,502.4,498.2,484.2,486.7,486.9,492.9,500.6,499.5,499.1,514.3,505.3,509.9,517.6,530.5,527.2,529.0,537.8,531.3,546.9,556.2,574.8,568.9,556.3,555.0,553.7,568.5,580.2,585.0,580.8,577.1,538.1,407.1,426.5,463.5,476.9,504.8,556.1,573.6,589.2,620.4,634.5,627.7,627.7,638.7,636.6,661.5,669.5,679.1,703.8,723.2,712.5,710.4
22,Government consumption expenditures and gross investment,2120.3,2167.3,2216.7,2225.9,2243.5,2290.2,2340.1,2330.4,2344.1,2362.3,2364.8,2400.2,2380.2,2387.3,2387.6,2433.9,2423.2,2460.4,2482.6,2495.0,2534.9,2538.9,2543.0,2560.0,2575.2,2585.7,2578.5,2559.6,2582.3,2577.3,2593.7,2593.4,2561.2,2561.5,2565.1,2574.2,2542.3,2554.9,2598.0,2575.4,2584.4,2593.1,2586.3,2559.2,2576.1,2608.2,2608.2,2626.2,2612.6,2646.4,2658.7,2672.0,2662.4,2709.1,2729.5,2745.6,2765.0,2775.0,2808.4,2852.1,2831.9,2859.8,2847.8,2865.2,2910.0,2960.5,2957.6,3006.6,3059.3,3082.8,3098.6,3121.4,3124.1,3152.7,3159.9,3178.9,3193.3,3201.8,3207.8,3205.8,3221.7,3219.8,3230.4,3232.9,3273.9,3272.7,3267.7,3294.6,3299.1,3329.1,3344.2,3371.0,3378.7,3407.8,3435.1,3458.8,3498.1,3549.0,3558.5,3565.2,3549.8,3560.6,3535.4,3512.9,3469.8,3446.1,3396.9,3394.6,3380.2,3362.3,3357.2,3324.1,3293.1,3288.9,3272.8,3247.6,3233.6,3238.0,3259.9,3257.5,3277.2,3309.3,3326.8,3341.1,3371.6,3369.0,3383.7,3389.6,3380.2,3389.8,3394.0,3424.5,3431.7,3456.3,3483.6,3488.4,3536.6,3584.6,3625.5,3654.8,3694.3,3773.8,3709.6,3713.1,3765.7,3721.6,3693.9,3693.4,3665.5,3652.4,3667.8,3705.1,3742.9,3773.5,3821.2,3865.1,3887.1,3919.2,3971.3,4003.8,3993.9,3993.0
23,"    Federal",---,---,---,---,---,---,---,---,---,---,---,---,---,---,---,---,---,---,---,---,---,---,---,---,---,---,---,---,---,---,---,---,---,---,---,---,---,---,---,---,---,---,---,---,---,---,---,---,---,---,---,---,---,---,---,---,---,---,---,---,---,---,---,---,---,---,---,---,---,---,---,---,---,---,---,---,---,---,---,---,---,---,---,---,---,---,---,---,1185.5,1205.0,1215.5,1235.8,1254.6,1281.4,1298.0,1314.9,1332.3,1363.9,1376.4,1396.9,1412.5,1431.0,1424.5,1422.3,1402.2,1396.8,1366.4,1371.5,1371.4,1360.5,1363.3,1336.2,1306.0,1295.9,1277.8,1256.0,1254.9,1247.7,1262.1,1243.1,1248.0,1251.9,1250.8,1260.2,1261.1,1254.8,1261.4,1262.5,1257.2,1263.9,1263.1,1280.0,1293.0,1302.3,1319.1,1325.3,1339.8,1353.4,1370.3,1377.8,1392.4,1493.9,1448.4,1449.9,1509.2,1475.6,1447.6,1459.7,1428.9,1415.4,1410.6,1441.6,1456.3,1456.1,1480.3,1492.8,1495.8,1511.5,1542.9,1559.5,1537.2,1516.6
24,"        National defense",---,---,---,---,---,---,---,---,---,---,---,---,---,---,---,---,---,---,---,---,---,---,---,---,---,---,---,---,---,---,---,---,---,---,---,---,---,---,---,---,---,---,---,---,---,---,---,---,---,---,---,---,---,---,---,---,---,---,---,---,---,---,---,---,---,---,---,---,---,---,---,---,---,---,---,---,---,---,---,---,---,---,---,---,---,---,---,---,752.6,769.6,774.5,788.4,801.3,815.8,834.3,846.8,849.4,871.3,878.0,887.9,892.9,899.2,897.4,899.7,883.2,886.9,874.8,867.3,861.7,851.1,853.3,826.7,806.7,802.3,786.5,774.0,764.4,759.7,769.7,747.8,745.6,747.5,740.3,746.0,743.2,735.8,743.3,742.2,739.1,749.8,746.8,757.5,760.2,767.2,779.3,791.8,810.3,808.5,820.7,825.7,830.9,833.2,834.0,860.8,844.3,836.3,827.5,821.2,799.0,801.8,793.3,809.3,818.4,823.2,838.1,842.3,836.7,850.9,878.2,888.0,872.3,874.2
25,"        Nondefense",---,---,---,---,---,---,---,---,---,---,---,---,---,---,---,---,---,---,---,---,---,---,---,---,---,---,---,---,---,---,---,---,---,---,---,---,---,---,---,---,---,---,---,---,---,---,---,---,---,---,---,---,---,---,---,---,---,---,---,---,---,---,---,---,---,---,---,---,---,---,---,---,---,---,---,---,---,---,---,---,---,---,---,---,---,---,---,---,431.8,434.1,439.8,446.2,452.0,464.4,462.1,466.4,481.5,491.2,497.0,507.7,518.5,530.7,525.9,521.3,517.8,508.5,490.1,503.0,508.8,508.5,509.1,508.9,498.7,493.0,490.8,481.5,490.2,487.7,492.0,495.1,502.3,504.3,510.4,514.2,517.9,519.0,518.1,520.3,518.1,514.1,516.3,522.5,532.8,535.2,539.8,533.6,529.7,544.9,549.6,552.1,561.5,660.5,614.4,589.0,665.0,639.3,620.1,638.5,630.0,613.5,617.4,632.4,638.0,632.9,642.2,650.4,659.3,660.7,664.6,671.2,664.7,642.0
26,"    State and local",---,---,---,---,---,---,---,---,---,---,---,---,---,---,---,---,---,---,---,---,---,---,---,---,---,---,---,---,---,---,---,---,---,---,---,---,---,---,---,---,---,---,---,---,---,---,---,---,---,---,---,---,---,---,---,---,---,---,---,---,---,---,---,---,---,---,---,---,---,---,---,---,---,---,---,---,---,---,---,---,---,---,---,---,---,---,---,---,2120.6,2130.6,2134.9,2140.6,2128.8,2130.3,2140.8,2147.4,2169.1,2187.9,2184.6,2169.8,2137.8,2129.5,2110.6,2090.2,2067.3,2048.8,2030.4,2022.8,2008.2,2001.4,1993.4,1987.8,1987.2,1993.1,1995.1,1991.6,1978.8,1990.3,1997.9,2014.4,2029.1,2057.3,2075.9,2080.8,2110.5,2114.2,2122.3,2127.2,2123.1,2125.9,2130.9,2144.5,2138.7,2154.0,2164.7,2163.2,2197.0,2231.3,2255.4,2277.0,2301.8,2281.6,2262.3,2264.4,2259.5,2248.3,2247.6,2236.0,2237.3,2237.0,2256.3,2263.9,2287.0,2317.1,2340.9,2372.0,2390.7,2407.3,2428.5,2444.7,2456.3,2475.3
27,Residual,-76.9,-92.0,-105.5,-96.2,-93.5,-120.0,-145.4,-137.7,-126.3,-129.3,-127.2,-103.3,-108.0,-87.8,-88.5,-93.0,-69.9,-71.1,-75.8,-83.3,-85.7,-82.3,-87.5,-101.1,-111.1,-108.9,-102.9,-88.2,-95.0,-80.0,-78.8,-73.6,-65.7,-66.3,-72.8,-60.2,-45.0,-31.6,-44.1,-27.6,-27.2,-35.4,-25.1,-11.5,-15.0,-5.0,4.0,10.3,12.5,29.3,29.7,28.2,38.4,23.2,26.7,36.7,38.3,34.8,38.3,41.4,36.2,51.3,44.5,42.0,23.3,21.5,13.0,-8.3,-7.5,-7.1,-10.0,-16.3,-13.1,-15.2,-5.8,0.2,-2.7,1.2,3.2,6.9,14.6,10.3,12.6,16.0,17.8,15.2,10.7,9.7,-84.1,-88.9,-83.8,-73.5,-82.9,-75.9,-78.2,-129.9,-111.8,-90.8,-71.5,-69.2,-62.0,-71.2,-57.2,-45.6,-43.5,-37.2,-48.6,-28.0,-26.9,-27.4,-20.6,-28.2,-14.0,-15.1,-7.6,1.2,-7.7,-2.9,-0.5,-16.8,-7.8,-4.3,-8.1,-6.8,-7.2,-1.8,-0.1,2.2,-1.3,-0.4,1.3,0.4,0.3,-3.4,2.5,-2.5,-6.2,-8.3,-4.2,-2.8,-1.3,-8.7,-31.3,-13.9,-28.9,-35.0,-12.7,20.1,8.7,5.6,-17.5,-29.0,-43.2,-39.4,-33.1,-35.2,-24.7,-20.8,-26.4,-36.6,-6.2,-80.4

Legend/Footnotes
"Note. Chained (2017) dollar series are calculated as the product of the chain-type quantity index and the 2017 current-dollar value of the corresponding series, divided by 100. Because the formula for the chain-type quantity indexes uses weights of more than one period, the corresponding chained-dollar estimates are usually not additive. The residual line is the difference between the first line and the sum of the most detailed lines."
