observation_date,NFCI
1984-01-06,0.02023
1984-01-13,-0.01857
1984-01-20,-0.06054
1984-01-27,-0.10148
1984-02-03,-0.13845
1984-02-10,-0.16899
1984-02-17,-0.19009
1984-02-24,-0.20061
1984-03-02,-0.19868
1984-03-09,-0.18274
1984-03-16,-0.15135
1984-03-23,-0.10371
1984-03-30,-0.03896
1984-04-06,0.04243
1984-04-13,0.13854
1984-04-20,0.24801
1984-04-27,0.36878
1984-05-04,0.49652
1984-05-11,0.62732
1984-05-18,0.75510
1984-05-25,0.87423
1984-06-01,0.98079
1984-06-08,1.06947
1984-06-15,1.13803
1984-06-22,1.18273
1984-06-29,1.20019
1984-07-06,1.18769
1984-07-13,1.14609
1984-07-20,1.08131
1984-07-27,0.99943
1984-08-03,0.90849
1984-08-10,0.81571
1984-08-17,0.72635
1984-08-24,0.64230
1984-08-31,0.56513
1984-09-07,0.49612
1984-09-14,0.43315
1984-09-21,0.37368
1984-09-28,0.31639
1984-10-05,0.26065
1984-10-12,0.20536
1984-10-19,0.15110
1984-10-26,0.09944
1984-11-02,0.05094
1984-11-09,0.00522
1984-11-16,-0.03883
1984-11-23,-0.08117
1984-11-30,-0.12306
1984-12-07,-0.16369
1984-12-14,-0.20483
1984-12-21,-0.24600
1984-12-28,-0.28556
1985-01-04,-0.32317
1985-01-11,-0.35554
1985-01-18,-0.37950
1985-01-25,-0.39384
1985-02-01,-0.39751
1985-02-08,-0.39077
1985-02-15,-0.37631
1985-02-22,-0.35665
1985-03-01,-0.33443
1985-03-08,-0.31320
1985-03-15,-0.29613
1985-03-22,-0.28459
1985-03-29,-0.28031
1985-04-05,-0.28510
1985-04-12,-0.29837
1985-04-19,-0.31933
1985-04-26,-0.34589
1985-05-03,-0.37484
1985-05-10,-0.40496
1985-05-17,-0.43176
1985-05-24,-0.45374
1985-05-31,-0.46915
1985-06-07,-0.47653
1985-06-14,-0.47494
1985-06-21,-0.46512
1985-06-28,-0.44739
1985-07-05,-0.42370
1985-07-12,-0.39508
1985-07-19,-0.36219
1985-07-26,-0.32598
1985-08-02,-0.28830
1985-08-09,-0.25036
1985-08-16,-0.21426
1985-08-23,-0.18237
1985-08-30,-0.15697
1985-09-06,-0.13996
1985-09-13,-0.13317
1985-09-20,-0.13812
1985-09-27,-0.15376
1985-10-04,-0.17938
1985-10-11,-0.21162
1985-10-18,-0.24685
1985-10-25,-0.28121
1985-11-01,-0.31087
1985-11-08,-0.33279
1985-11-15,-0.34542
1985-11-22,-0.34770
1985-11-29,-0.34113
1985-12-06,-0.32787
1985-12-13,-0.31071
1985-12-20,-0.29322
1985-12-27,-0.27690
1986-01-03,-0.26547
1986-01-10,-0.25918
1986-01-17,-0.25846
1986-01-24,-0.26301
1986-01-31,-0.27211
1986-02-07,-0.28320
1986-02-14,-0.29455
1986-02-21,-0.30485
1986-02-28,-0.31353
1986-03-07,-0.32095
1986-03-14,-0.32845
1986-03-21,-0.33725
1986-03-28,-0.34923
1986-04-04,-0.36624
1986-04-11,-0.38724
1986-04-18,-0.41082
1986-04-25,-0.43536
1986-05-02,-0.45744
1986-05-09,-0.47507
1986-05-16,-0.48660
1986-05-23,-0.49133
1986-05-30,-0.48964
1986-06-06,-0.48283
1986-06-13,-0.47266
1986-06-20,-0.46273
1986-06-27,-0.45696
1986-07-04,-0.45770
1986-07-11,-0.46594
1986-07-18,-0.48232
1986-07-25,-0.50517
1986-08-01,-0.53123
1986-08-08,-0.55666
1986-08-15,-0.57910
1986-08-22,-0.59493
1986-08-29,-0.60214
1986-09-05,-0.60080
1986-09-12,-0.59145
1986-09-19,-0.57885
1986-09-26,-0.56543
1986-10-03,-0.55424
1986-10-10,-0.54773
1986-10-17,-0.54645
1986-10-24,-0.54886
1986-10-31,-0.55372
1986-11-07,-0.55948
1986-11-14,-0.56412
1986-11-21,-0.56507
1986-11-28,-0.56219
1986-12-05,-0.55521
1986-12-12,-0.54537
1986-12-19,-0.53335
1986-12-26,-0.52080
1987-01-02,-0.51133
1987-01-09,-0.50402
1987-01-16,-0.49982
1987-01-23,-0.49801
1987-01-30,-0.49730
1987-02-06,-0.49490
1987-02-13,-0.48765
1987-02-20,-0.47196
1987-02-27,-0.44654
1987-03-06,-0.40807
1987-03-13,-0.35236
1987-03-20,-0.27773
1987-03-27,-0.18441
1987-04-03,-0.07361
1987-04-10,0.04847
1987-04-17,0.17613
1987-04-24,0.29993
1987-05-01,0.40960
1987-05-08,0.50107
1987-05-15,0.56654
1987-05-22,0.60579
1987-05-29,0.61342
1987-06-05,0.59390
1987-06-12,0.55168
1987-06-19,0.48918
1987-06-26,0.41580
1987-07-03,0.33590
1987-07-10,0.25572
1987-07-17,0.17733
1987-07-24,0.10488
1987-07-31,0.04385
1987-08-07,0.00074
1987-08-14,-0.02096
1987-08-21,-0.01148
1987-08-28,0.03146
1987-09-04,0.10858
1987-09-11,0.21339
1987-09-18,0.34149
1987-09-25,0.48405
1987-10-02,0.63457
1987-10-09,0.78032
1987-10-16,0.91107
1987-10-23,1.01838
1987-10-30,1.09512
1987-11-06,1.13467
1987-11-13,1.14531
1987-11-20,1.13327
1987-11-27,1.10092
1987-12-04,1.05379
1987-12-11,0.98931
1987-12-18,0.91348
1987-12-25,0.82628
1988-01-01,0.73205
1988-01-08,0.63407
1988-01-15,0.53826
1988-01-22,0.44500
1988-01-29,0.35804
1988-02-05,0.28011
1988-02-12,0.21479
1988-02-19,0.16484
1988-02-26,0.12963
1988-03-04,0.10928
1988-03-11,0.10327
1988-03-18,0.11071
1988-03-25,0.12741
1988-04-01,0.15172
1988-04-08,0.18005
1988-04-15,0.20627
1988-04-22,0.22852
1988-04-29,0.24277
1988-05-06,0.24985
1988-05-13,0.25200
1988-05-20,0.25122
1988-05-27,0.25053
1988-06-03,0.25350
1988-06-10,0.26151
1988-06-17,0.27601
1988-06-24,0.29775
1988-07-01,0.32541
1988-07-08,0.35539
1988-07-15,0.38435
1988-07-22,0.40901
1988-07-29,0.42528
1988-08-05,0.43222
1988-08-12,0.42891
1988-08-19,0.41578
1988-08-26,0.39336
1988-09-02,0.36510
1988-09-09,0.33312
1988-09-16,0.30182
1988-09-23,0.27396
1988-09-30,0.24984
1988-10-07,0.22921
1988-10-14,0.21144
1988-10-21,0.19600
1988-10-28,0.18273
1988-11-04,0.17154
1988-11-11,0.16297
1988-11-18,0.15617
1988-11-25,0.15156
1988-12-02,0.14752
1988-12-09,0.14449
1988-12-16,0.14128
1988-12-23,0.13931
1988-12-30,0.13840
1989-01-06,0.14069
1989-01-13,0.14747
1989-01-20,0.16083
1989-01-27,0.18397
1989-02-03,0.21982
1989-02-10,0.26928
1989-02-17,0.33220
1989-02-24,0.40440
1989-03-03,0.48225
1989-03-10,0.55819
1989-03-17,0.62685
1989-03-24,0.68074
1989-03-31,0.71408
1989-04-07,0.72407
1989-04-14,0.70949
1989-04-21,0.67075
1989-04-28,0.61620
1989-05-05,0.54907
1989-05-12,0.47941
1989-05-19,0.41306
1989-05-26,0.35730
1989-06-02,0.31535
1989-06-09,0.28769
1989-06-16,0.27103
1989-06-23,0.26126
1989-06-30,0.25278
1989-07-07,0.24312
1989-07-14,0.22971
1989-07-21,0.21527
1989-07-28,0.20306
1989-08-04,0.19541
1989-08-11,0.19742
1989-08-18,0.20969
1989-08-25,0.23206
1989-09-01,0.26295
1989-09-08,0.29747
1989-09-15,0.33145
1989-09-22,0.35830
1989-09-29,0.37533
1989-10-06,0.37842
1989-10-13,0.36558
1989-10-20,0.33753
1989-10-27,0.29660
1989-11-03,0.24675
1989-11-10,0.19397
1989-11-17,0.14238
1989-11-24,0.09691
1989-12-01,0.06059
1989-12-08,0.03546
1989-12-15,0.02148
1989-12-22,0.01778
1989-12-29,0.02167
1990-01-05,0.03146
1990-01-12,0.04315
1990-01-19,0.05300
1990-01-26,0.06018
1990-02-02,0.06199
1990-02-09,0.05913
1990-02-16,0.05330
1990-02-23,0.04667
1990-03-02,0.04200
1990-03-09,0.04116
1990-03-16,0.04668
1990-03-23,0.05760
1990-03-30,0.07273
1990-04-06,0.08949
1990-04-13,0.10230
1990-04-20,0.10917
1990-04-27,0.10650
1990-05-04,0.09193
1990-05-11,0.06626
1990-05-18,0.03116
1990-05-25,-0.01007
1990-06-01,-0.05337
1990-06-08,-0.09355
1990-06-15,-0.12661
1990-06-22,-0.14964
1990-06-29,-0.15980
1990-07-06,-0.15660
1990-07-13,-0.14122
1990-07-20,-0.11430
1990-07-27,-0.07762
1990-08-03,-0.03354
1990-08-10,0.01667
1990-08-17,0.06913
1990-08-24,0.12375
1990-08-31,0.17769
1990-09-07,0.23128
1990-09-14,0.28243
1990-09-21,0.33030
1990-09-28,0.37365
1990-10-05,0.40689
1990-10-12,0.43044
1990-10-19,0.44477
1990-10-26,0.44982
1990-11-02,0.45016
1990-11-09,0.44939
1990-11-16,0.44938
1990-11-23,0.45368
1990-11-30,0.46437
1990-12-07,0.47739
1990-12-14,0.49260
1990-12-21,0.50785
1990-12-28,0.51534
1991-01-04,0.50821
1991-01-11,0.48717
1991-01-18,0.44779
1991-01-25,0.38856
1991-02-01,0.31968
1991-02-08,0.24436
1991-02-15,0.16885
1991-02-22,0.09774
1991-03-01,0.03357
1991-03-08,-0.02383
1991-03-15,-0.07372
1991-03-22,-0.11618
1991-03-29,-0.15219
1991-04-05,-0.18170
1991-04-12,-0.20579
1991-04-19,-0.22532
1991-04-26,-0.23903
1991-05-03,-0.24766
1991-05-10,-0.25124
1991-05-17,-0.24989
1991-05-24,-0.24560
1991-05-31,-0.24054
1991-06-07,-0.23810
1991-06-14,-0.24109
1991-06-21,-0.25236
1991-06-28,-0.27210
1991-07-05,-0.30135
1991-07-12,-0.33709
1991-07-19,-0.37730
1991-07-26,-0.41791
1991-08-02,-0.45554
1991-08-09,-0.48809
1991-08-16,-0.51326
1991-08-23,-0.53127
1991-08-30,-0.54400
1991-09-06,-0.55123
1991-09-13,-0.55665
1991-09-20,-0.56034
1991-09-27,-0.56342
1991-10-04,-0.56645
1991-10-11,-0.57116
1991-10-18,-0.57707
1991-10-25,-0.58425
1991-11-01,-0.59307
1991-11-08,-0.60255
1991-11-15,-0.61221
1991-11-22,-0.62175
1991-11-29,-0.63174
1991-12-06,-0.64214
1991-12-13,-0.65255
1991-12-20,-0.66040
1991-12-27,-0.66727
1992-01-03,-0.66919
1992-01-10,-0.66994
1992-01-17,-0.66708
1992-01-24,-0.66368
1992-01-31,-0.66115
1992-02-07,-0.65918
1992-02-14,-0.65834
1992-02-21,-0.65821
1992-02-28,-0.65950
1992-03-06,-0.66241
1992-03-13,-0.66702
1992-03-20,-0.67514
1992-03-27,-0.68703
1992-04-03,-0.70234
1992-04-10,-0.72124
1992-04-17,-0.74208
1992-04-24,-0.76441
1992-05-01,-0.78720
1992-05-08,-0.80874
1992-05-15,-0.82879
1992-05-22,-0.84720
1992-05-29,-0.86323
1992-06-05,-0.87792
1992-06-12,-0.89235
1992-06-19,-0.90606
1992-06-26,-0.91866
1992-07-03,-0.92939
1992-07-10,-0.93705
1992-07-17,-0.94207
1992-07-24,-0.94364
1992-07-31,-0.94202
1992-08-07,-0.93692
1992-08-14,-0.92888
1992-08-21,-0.91729
1992-08-28,-0.90216
1992-09-04,-0.88351
1992-09-11,-0.86189
1992-09-18,-0.83604
1992-09-25,-0.80676
1992-10-02,-0.77553
1992-10-09,-0.74520
1992-10-16,-0.71804
1992-10-23,-0.69714
1992-10-30,-0.68518
1992-11-06,-0.68390
1992-11-13,-0.69245
1992-11-20,-0.71116
1992-11-27,-0.73916
1992-12-04,-0.77428
1992-12-11,-0.81331
1992-12-18,-0.85124
1992-12-25,-0.88576
1993-01-01,-0.91387
1993-01-08,-0.93427
1993-01-15,-0.94862
1993-01-22,-0.95721
1993-01-29,-0.96075
1993-02-05,-0.96140
1993-02-12,-0.96063
1993-02-19,-0.95935
1993-02-26,-0.96019
1993-03-05,-0.96235
1993-03-12,-0.96640
1993-03-19,-0.97212
1993-03-26,-0.97907
1993-04-02,-0.98586
1993-04-09,-0.99208
1993-04-16,-0.99650
1993-04-23,-0.99813
1993-04-30,-0.99781
1993-05-07,-0.99462
1993-05-14,-0.99033
1993-05-21,-0.98684
1993-05-28,-0.98558
1993-06-04,-0.98794
1993-06-11,-0.99561
1993-06-18,-1.00820
1993-06-25,-1.02403
1993-07-02,-1.04139
1993-07-09,-1.05904
1993-07-16,-1.07460
1993-07-23,-1.08726
1993-07-30,-1.09562
1993-08-06,-1.10013
1993-08-13,-1.10104
1993-08-20,-1.09882
1993-08-27,-1.09396
1993-09-03,-1.08726
1993-09-10,-1.07865
1993-09-17,-1.06767
1993-09-24,-1.05488
1993-10-01,-1.04030
1993-10-08,-1.02454
1993-10-15,-1.00737
1993-10-22,-0.98938
1993-10-29,-0.97163
1993-11-05,-0.95612
1993-11-12,-0.94518
1993-11-19,-0.94004
1993-11-26,-0.94192
1993-12-03,-0.95015
1993-12-10,-0.96315
1993-12-17,-0.97898
1993-12-24,-0.99491
1993-12-31,-1.00874
1994-01-07,-1.01905
1994-01-14,-1.02502
1994-01-21,-1.02426
1994-01-28,-1.01738
1994-02-04,-1.00317
1994-02-11,-0.98175
1994-02-18,-0.95524
1994-02-25,-0.92469
1994-03-04,-0.89115
1994-03-11,-0.85733
1994-03-18,-0.82512
1994-03-25,-0.79555
1994-04-01,-0.77028
1994-04-08,-0.75131
1994-04-15,-0.73837
1994-04-22,-0.73011
1994-04-29,-0.72701
1994-05-06,-0.72519
1994-05-13,-0.72496
1994-05-20,-0.72626
1994-05-27,-0.72702
1994-06-03,-0.72574
1994-06-10,-0.72468
1994-06-17,-0.72223
1994-06-24,-0.72077
1994-07-01,-0.72191
1994-07-08,-0.72870
1994-07-15,-0.74085
1994-07-22,-0.75745
1994-07-29,-0.77550
1994-08-05,-0.79224
1994-08-12,-0.80569
1994-08-19,-0.81290
1994-08-26,-0.81169
1994-09-02,-0.80149
1994-09-09,-0.78265
1994-09-16,-0.75636
1994-09-23,-0.72644
1994-09-30,-0.69557
1994-10-07,-0.66736
1994-10-14,-0.64327
1994-10-21,-0.62269
1994-10-28,-0.60358
1994-11-04,-0.58430
1994-11-11,-0.56239
1994-11-18,-0.53678
1994-11-25,-0.50749
1994-12-02,-0.47690
1994-12-09,-0.44681
1994-12-16,-0.42325
1994-12-23,-0.40859
1994-12-30,-0.40612
1995-01-06,-0.41696
1995-01-13,-0.43987
1995-01-20,-0.47132
1995-01-27,-0.50731
1995-02-03,-0.54413
1995-02-10,-0.57787
1995-02-17,-0.60547
1995-02-24,-0.62591
1995-03-03,-0.63804
1995-03-10,-0.64298
1995-03-17,-0.64403
1995-03-24,-0.64276
1995-03-31,-0.64245
1995-04-07,-0.64477
1995-04-14,-0.65132
1995-04-21,-0.66212
1995-04-28,-0.67593
1995-05-05,-0.69061
1995-05-12,-0.70430
1995-05-19,-0.71369
1995-05-26,-0.71767
1995-06-02,-0.71493
1995-06-09,-0.70785
1995-06-16,-0.69714
1995-06-23,-0.68670
1995-06-30,-0.67814
1995-07-07,-0.67327
1995-07-14,-0.67398
1995-07-21,-0.67833
1995-07-28,-0.68542
1995-08-04,-0.69487
1995-08-11,-0.70438
1995-08-18,-0.71207
1995-08-25,-0.71713
1995-09-01,-0.71838
1995-09-08,-0.71648
1995-09-15,-0.71268
1995-09-22,-0.70730
1995-09-29,-0.70274
1995-10-06,-0.70164
1995-10-13,-0.70370
1995-10-20,-0.70965
1995-10-27,-0.71869
1995-11-03,-0.73055
1995-11-10,-0.74267
1995-11-17,-0.75190
1995-11-24,-0.75765
1995-12-01,-0.75899
1995-12-08,-0.75675
1995-12-15,-0.75210
1995-12-22,-0.74824
1995-12-29,-0.74773
1996-01-05,-0.75343
1996-01-12,-0.76383
1996-01-19,-0.77872
1996-01-26,-0.79650
1996-02-02,-0.81311
1996-02-09,-0.82452
1996-02-16,-0.82892
1996-02-23,-0.82484
1996-03-01,-0.81149
1996-03-08,-0.79231
1996-03-15,-0.76871
1996-03-22,-0.74534
1996-03-29,-0.72379
1996-04-05,-0.70650
1996-04-12,-0.69400
1996-04-19,-0.68833
1996-04-26,-0.68954
1996-05-03,-0.69510
1996-05-10,-0.70348
1996-05-17,-0.71225
1996-05-24,-0.71837
1996-05-31,-0.72075
1996-06-07,-0.71867
1996-06-14,-0.71447
1996-06-21,-0.70914
1996-06-28,-0.70500
1996-07-05,-0.70265
1996-07-12,-0.70329
1996-07-19,-0.70823
1996-07-26,-0.71667
1996-08-02,-0.72656
1996-08-09,-0.73762
1996-08-16,-0.74575
1996-08-23,-0.74992
1996-08-30,-0.74959
1996-09-06,-0.74529
1996-09-13,-0.74025
1996-09-20,-0.73597
1996-09-27,-0.73451
1996-10-04,-0.73757
1996-10-11,-0.74527
1996-10-18,-0.75583
1996-10-25,-0.76788
1996-11-01,-0.77916
1996-11-08,-0.78710
1996-11-15,-0.78943
1996-11-22,-0.78550
1996-11-29,-0.77502
1996-12-06,-0.75950
1996-12-13,-0.74154
1996-12-20,-0.72444
1996-12-27,-0.71041
1997-01-03,-0.70063
1997-01-10,-0.69594
1997-01-17,-0.69758
1997-01-24,-0.70405
1997-01-31,-0.71370
1997-02-07,-0.72437
1997-02-14,-0.73429
1997-02-21,-0.73980
1997-02-28,-0.74018
1997-03-07,-0.73459
1997-03-14,-0.72414
1997-03-21,-0.71023
1997-03-28,-0.69462
1997-04-04,-0.67829
1997-04-11,-0.66370
1997-04-18,-0.65132
1997-04-25,-0.64171
1997-05-02,-0.63588
1997-05-09,-0.63218
1997-05-16,-0.63053
1997-05-23,-0.63035
1997-05-30,-0.63071
1997-06-06,-0.63201
1997-06-13,-0.63481
1997-06-20,-0.63857
1997-06-27,-0.64296
1997-07-04,-0.64855
1997-07-11,-0.65317
1997-07-18,-0.65725
1997-07-25,-0.66033
1997-08-01,-0.66166
1997-08-08,-0.66127
1997-08-15,-0.65913
1997-08-22,-0.65564
1997-08-29,-0.65076
1997-09-05,-0.64481
1997-09-12,-0.63736
1997-09-19,-0.62804
1997-09-26,-0.61603
1997-10-03,-0.60109
1997-10-10,-0.58225
1997-10-17,-0.56036
1997-10-24,-0.53690
1997-10-31,-0.51405
1997-11-07,-0.49612
1997-11-14,-0.48252
1997-11-21,-0.47603
1997-11-28,-0.47568
1997-12-05,-0.48036
1997-12-12,-0.48840
1997-12-19,-0.50044
1997-12-26,-0.51569
1998-01-02,-0.53219
1998-01-09,-0.54906
1998-01-16,-0.56746
1998-01-23,-0.58494
1998-01-30,-0.60186
1998-02-06,-0.61737
1998-02-13,-0.62949
1998-02-20,-0.63816
1998-02-27,-0.64256
1998-03-06,-0.64193
1998-03-13,-0.63889
1998-03-20,-0.63481
1998-03-27,-0.62937
1998-04-03,-0.62385
1998-04-10,-0.61868
1998-04-17,-0.61328
1998-04-24,-0.60734
1998-05-01,-0.60106
1998-05-08,-0.59475
1998-05-15,-0.58841
1998-05-22,-0.58188
1998-05-29,-0.57427
1998-06-05,-0.56813
1998-06-12,-0.56312
1998-06-19,-0.56024
1998-06-26,-0.55874
1998-07-03,-0.55814
1998-07-10,-0.55593
1998-07-17,-0.54959
1998-07-24,-0.53593
1998-07-31,-0.51313
1998-08-07,-0.47894
1998-08-14,-0.43349
1998-08-21,-0.37827
1998-08-28,-0.31536
1998-09-04,-0.24958
1998-09-11,-0.18497
1998-09-18,-0.12397
1998-09-25,-0.07005
1998-10-02,-0.02686
1998-10-09,0.00297
1998-10-16,0.01581
1998-10-23,0.01056
1998-10-30,-0.00784
1998-11-06,-0.03461
1998-11-13,-0.06263
1998-11-20,-0.09172
1998-11-27,-0.11732
1998-12-04,-0.13843
1998-12-11,-0.15758
1998-12-18,-0.17556
1998-12-25,-0.19341
1999-01-01,-0.21004
1999-01-08,-0.22492
1999-01-15,-0.24057
1999-01-22,-0.25725
1999-01-29,-0.27589
1999-02-05,-0.29588
1999-02-12,-0.31663
1999-02-19,-0.33756
1999-02-26,-0.35688
1999-03-05,-0.37339
1999-03-12,-0.38768
1999-03-19,-0.39891
1999-03-26,-0.40724
1999-04-02,-0.41355
1999-04-09,-0.41848
1999-04-16,-0.42274
1999-04-23,-0.42622
1999-04-30,-0.42874
1999-05-07,-0.42887
1999-05-14,-0.42486
1999-05-21,-0.41641
1999-05-28,-0.40403
1999-06-04,-0.38891
1999-06-11,-0.37189
1999-06-18,-0.35362
1999-06-25,-0.33384
1999-07-02,-0.31248
1999-07-09,-0.28881
1999-07-16,-0.26281
1999-07-23,-0.23687
1999-07-30,-0.21296
1999-08-06,-0.19153
1999-08-13,-0.17470
1999-08-20,-0.16208
1999-08-27,-0.15134
1999-09-03,-0.13999
1999-09-10,-0.12724
1999-09-17,-0.11424
1999-09-24,-0.10190
1999-10-01,-0.09126
1999-10-08,-0.08491
1999-10-15,-0.08688
1999-10-22,-0.09649
1999-10-29,-0.11186
1999-11-05,-0.12984
1999-11-12,-0.14768
1999-11-19,-0.16245
1999-11-26,-0.17001
1999-12-03,-0.17216
1999-12-10,-0.17054
1999-12-17,-0.16920
1999-12-24,-0.16962
1999-12-31,-0.17316
2000-01-07,-0.18304
2000-01-14,-0.19436
2000-01-21,-0.20474
2000-01-28,-0.21210
2000-02-04,-0.21400
2000-02-11,-0.21176
2000-02-18,-0.20405
2000-02-25,-0.19132
2000-03-03,-0.17534
2000-03-10,-0.15537
2000-03-17,-0.13324
2000-03-24,-0.11104
2000-03-31,-0.09019
2000-04-07,-0.07436
2000-04-14,-0.06001
2000-04-21,-0.04700
2000-04-28,-0.03301
2000-05-05,-0.01708
2000-05-12,-0.00168
2000-05-19,0.01271
2000-05-26,0.02491
2000-06-02,0.03238
2000-06-09,0.03367
2000-06-16,0.02901
2000-06-23,0.01720
2000-06-30,-0.00088
2000-07-07,-0.02576
2000-07-14,-0.05503
2000-07-21,-0.08571
2000-07-28,-0.11628
2000-08-04,-0.14444
2000-08-11,-0.16863
2000-08-18,-0.18685
2000-08-25,-0.19921
2000-09-01,-0.20657
2000-09-08,-0.20856
2000-09-15,-0.20713
2000-09-22,-0.20277
2000-09-29,-0.19676
2000-10-06,-0.18997
2000-10-13,-0.18197
2000-10-20,-0.17532
2000-10-27,-0.16841
2000-11-03,-0.15888
2000-11-10,-0.14568
2000-11-17,-0.12802
2000-11-24,-0.10737
2000-12-01,-0.08684
2000-12-08,-0.07115
2000-12-15,-0.06537
2000-12-22,-0.07044
2000-12-29,-0.09064
2001-01-05,-0.12034
2001-01-12,-0.15606
2001-01-19,-0.19295
2001-01-26,-0.22634
2001-02-02,-0.25334
2001-02-09,-0.27197
2001-02-16,-0.28107
2001-02-23,-0.28034
2001-03-02,-0.27422
2001-03-09,-0.26538
2001-03-16,-0.25636
2001-03-23,-0.25224
2001-03-30,-0.25568
2001-04-06,-0.26540
2001-04-13,-0.28455
2001-04-20,-0.30902
2001-04-27,-0.33590
2001-05-04,-0.36391
2001-05-11,-0.38926
2001-05-18,-0.40914
2001-05-25,-0.42507
2001-06-01,-0.43630
2001-06-08,-0.44403
2001-06-15,-0.44989
2001-06-22,-0.45555
2001-06-29,-0.46231
2001-07-06,-0.47145
2001-07-13,-0.48189
2001-07-20,-0.49241
2001-07-27,-0.50202
2001-08-03,-0.50697
2001-08-10,-0.50283
2001-08-17,-0.48916
2001-08-24,-0.46511
2001-08-31,-0.43418
2001-09-07,-0.40025
2001-09-14,-0.36813
2001-09-21,-0.34595
2001-09-28,-0.33951
2001-10-05,-0.34188
2001-10-12,-0.35340
2001-10-19,-0.36923
2001-10-26,-0.38590
2001-11-02,-0.39764
2001-11-09,-0.40304
2001-11-16,-0.40134
2001-11-23,-0.39124
2001-11-30,-0.37736
2001-12-07,-0.36464
2001-12-14,-0.35826
2001-12-21,-0.36052
2001-12-28,-0.37389
2002-01-04,-0.39420
2002-01-11,-0.41981
2002-01-18,-0.44530
2002-01-25,-0.46652
2002-02-01,-0.48165
2002-02-08,-0.49065
2002-02-15,-0.49496
2002-02-22,-0.49516
2002-03-01,-0.49452
2002-03-08,-0.49352
2002-03-15,-0.49409
2002-03-22,-0.49821
2002-03-29,-0.50645
2002-04-05,-0.51980
2002-04-12,-0.53843
2002-04-19,-0.56030
2002-04-26,-0.58317
2002-05-03,-0.60549
2002-05-10,-0.62196
2002-05-17,-0.63254
2002-05-24,-0.63448
2002-05-31,-0.62834
2002-06-07,-0.61420
2002-06-14,-0.59387
2002-06-21,-0.56915
2002-06-28,-0.54179
2002-07-05,-0.51393
2002-07-12,-0.48671
2002-07-19,-0.46293
2002-07-26,-0.44249
2002-08-02,-0.42823
2002-08-09,-0.41702
2002-08-16,-0.40963
2002-08-23,-0.40167
2002-08-30,-0.39330
2002-09-06,-0.38269
2002-09-13,-0.37201
2002-09-20,-0.36242
2002-09-27,-0.35654
2002-10-04,-0.35586
2002-10-11,-0.36170
2002-10-18,-0.37433
2002-10-25,-0.38998
2002-11-01,-0.40846
2002-11-08,-0.42627
2002-11-15,-0.44166
2002-11-22,-0.45237
2002-11-29,-0.45862
2002-12-06,-0.46099
2002-12-13,-0.46415
2002-12-20,-0.46788
2002-12-27,-0.47454
2003-01-03,-0.48522
2003-01-10,-0.49836
2003-01-17,-0.51076
2003-01-24,-0.52039
2003-01-31,-0.52751
2003-02-07,-0.53139
2003-02-14,-0.53399
2003-02-21,-0.53665
2003-02-28,-0.54091
2003-03-07,-0.54755
2003-03-14,-0.55760
2003-03-21,-0.57230
2003-03-28,-0.59186
2003-04-04,-0.61517
2003-04-11,-0.64072
2003-04-18,-0.66534
2003-04-25,-0.68670
2003-05-02,-0.70297
2003-05-09,-0.71261
2003-05-16,-0.71706
2003-05-23,-0.71753
2003-05-30,-0.71614
2003-06-06,-0.71428
2003-06-13,-0.71359
2003-06-20,-0.71505
2003-06-27,-0.71771
2003-07-04,-0.72065
2003-07-11,-0.72220
2003-07-18,-0.72048
2003-07-25,-0.71544
2003-08-01,-0.70558
2003-08-08,-0.69536
2003-08-15,-0.68529
2003-08-22,-0.67716
2003-08-29,-0.67201
2003-09-05,-0.67054
2003-09-12,-0.67284
2003-09-19,-0.67814
2003-09-26,-0.68506
2003-10-03,-0.69288
2003-10-10,-0.70145
2003-10-17,-0.70940
2003-10-24,-0.71507
2003-10-31,-0.71952
2003-11-07,-0.72163
2003-11-14,-0.72180
2003-11-21,-0.72060
2003-11-28,-0.71927
2003-12-05,-0.71743
2003-12-12,-0.71819
2003-12-19,-0.72151
2003-12-26,-0.72781
2004-01-02,-0.73775
2004-01-09,-0.75096
2004-01-16,-0.76482
2004-01-23,-0.77817
2004-01-30,-0.79043
2004-02-06,-0.80037
2004-02-13,-0.80906
2004-02-20,-0.81517
2004-02-27,-0.81866
2004-03-05,-0.81931
2004-03-12,-0.81783
2004-03-19,-0.81366
2004-03-26,-0.80707
2004-04-02,-0.79861
2004-04-09,-0.78761
2004-04-16,-0.77416
2004-04-23,-0.75891
2004-04-30,-0.74346
2004-05-07,-0.72854
2004-05-14,-0.71585
2004-05-21,-0.70581
2004-05-28,-0.69869
2004-06-04,-0.69391
2004-06-11,-0.69126
2004-06-18,-0.68986
2004-06-25,-0.69027
2004-07-02,-0.69160
2004-07-09,-0.69359
2004-07-16,-0.69539
2004-07-23,-0.69742
2004-07-30,-0.69949
2004-08-06,-0.70070
2004-08-13,-0.70250
2004-08-20,-0.70377
2004-08-27,-0.70481
2004-09-03,-0.70450
2004-09-10,-0.70436
2004-09-17,-0.70400
2004-09-24,-0.70337
2004-10-01,-0.70259
2004-10-08,-0.70250
2004-10-15,-0.70322
2004-10-22,-0.70578
2004-10-29,-0.70892
2004-11-05,-0.71248
2004-11-12,-0.71666
2004-11-19,-0.71883
2004-11-26,-0.71947
2004-12-03,-0.71785
2004-12-10,-0.71482
2004-12-17,-0.71004
2004-12-24,-0.70481
2004-12-31,-0.70067
2005-01-07,-0.69834
2005-01-14,-0.69883
2005-01-21,-0.70136
2005-01-28,-0.70596
2005-02-04,-0.71147
2005-02-11,-0.71544
2005-02-18,-0.71622
2005-02-25,-0.71341
2005-03-04,-0.70641
2005-03-11,-0.69607
2005-03-18,-0.68270
2005-03-25,-0.66822
2005-04-01,-0.65383
2005-04-08,-0.64052
2005-04-15,-0.62883
2005-04-22,-0.61934
2005-04-29,-0.61225
2005-05-06,-0.60706
2005-05-13,-0.60343
2005-05-20,-0.60179
2005-05-27,-0.60215
2005-06-03,-0.60285
2005-06-10,-0.60428
2005-06-17,-0.60546
2005-06-24,-0.60699
2005-07-01,-0.60888
2005-07-08,-0.61039
2005-07-15,-0.61331
2005-07-22,-0.61527
2005-07-29,-0.61636
2005-08-05,-0.61531
2005-08-12,-0.61278
2005-08-19,-0.60771
2005-08-26,-0.60105
2005-09-02,-0.59317
2005-09-09,-0.58532
2005-09-16,-0.57788
2005-09-23,-0.57199
2005-09-30,-0.56887
2005-10-07,-0.56962
2005-10-14,-0.57375
2005-10-21,-0.57965
2005-10-28,-0.58591
2005-11-04,-0.58998
2005-11-11,-0.59150
2005-11-18,-0.58896
2005-11-25,-0.58399
2005-12-02,-0.57733
2005-12-09,-0.57077
2005-12-16,-0.56582
2005-12-23,-0.56431
2005-12-30,-0.56602
2006-01-06,-0.57217
2006-01-13,-0.58198
2006-01-20,-0.59263
2006-01-27,-0.60480
2006-02-03,-0.61559
2006-02-10,-0.62415
2006-02-17,-0.63071
2006-02-24,-0.63480
2006-03-03,-0.63596
2006-03-10,-0.63549
2006-03-17,-0.63414
2006-03-24,-0.63257
2006-03-31,-0.63003
2006-04-07,-0.62787
2006-04-14,-0.62554
2006-04-21,-0.62375
2006-04-28,-0.62099
2006-05-05,-0.61575
2006-05-12,-0.60843
2006-05-19,-0.59703
2006-05-26,-0.58361
2006-06-02,-0.56929
2006-06-09,-0.55551
2006-06-16,-0.54301
2006-06-23,-0.53406
2006-06-30,-0.52995
2006-07-07,-0.53057
2006-07-14,-0.53639
2006-07-21,-0.54659
2006-07-28,-0.56020
2006-08-04,-0.57443
2006-08-11,-0.58764
2006-08-18,-0.59818
2006-08-25,-0.60503
2006-09-01,-0.60790
2006-09-08,-0.60793
2006-09-15,-0.60676
2006-09-22,-0.60615
2006-09-29,-0.60716
2006-10-06,-0.61069
2006-10-13,-0.61678
2006-10-20,-0.62339
2006-10-27,-0.62972
2006-11-03,-0.63342
2006-11-10,-0.63466
2006-11-17,-0.63317
2006-11-24,-0.62960
2006-12-01,-0.62530
2006-12-08,-0.62250
2006-12-15,-0.62307
2006-12-22,-0.62759
2006-12-29,-0.63603
2007-01-05,-0.64785
2007-01-12,-0.66096
2007-01-19,-0.67330
2007-01-26,-0.68272
2007-02-02,-0.68645
2007-02-09,-0.68492
2007-02-16,-0.67710
2007-02-23,-0.66450
2007-03-02,-0.64873
2007-03-09,-0.63421
2007-03-16,-0.62203
2007-03-23,-0.61374
2007-03-30,-0.60789
2007-04-06,-0.60413
2007-04-13,-0.60047
2007-04-20,-0.59600
2007-04-27,-0.58938
2007-05-04,-0.58054
2007-05-11,-0.57193
2007-05-18,-0.56291
2007-05-25,-0.55434
2007-06-01,-0.54787
2007-06-08,-0.54479
2007-06-15,-0.54109
2007-06-22,-0.53578
2007-06-29,-0.52384
2007-07-06,-0.49935
2007-07-13,-0.45498
2007-07-20,-0.38682
2007-07-27,-0.29303
2007-08-03,-0.18076
2007-08-10,-0.05993
2007-08-17,0.05893
2007-08-24,0.15427
2007-08-31,0.20656
2007-09-07,0.22261
2007-09-14,0.19864
2007-09-21,0.14146
2007-09-28,0.07572
2007-10-05,0.01466
2007-10-12,-0.02594
2007-10-19,-0.03287
2007-10-26,-0.00214
2007-11-02,0.06488
2007-11-09,0.16318
2007-11-16,0.27445
2007-11-23,0.38740
2007-11-30,0.48117
2007-12-07,0.54429
2007-12-14,0.57065
2007-12-21,0.55966
2007-12-28,0.51941
2008-01-04,0.47108
2008-01-11,0.42588
2008-01-18,0.40201
2008-01-25,0.40941
2008-02-01,0.43923
2008-02-08,0.50074
2008-02-15,0.58567
2008-02-22,0.68512
2008-02-29,0.78564
2008-03-07,0.87755
2008-03-14,0.93896
2008-03-21,0.96344
2008-03-28,0.94271
2008-04-04,0.88945
2008-04-11,0.81529
2008-04-18,0.73270
2008-04-25,0.64702
2008-05-02,0.57187
2008-05-09,0.51721
2008-05-16,0.48465
2008-05-23,0.47963
2008-05-30,0.50090
2008-06-06,0.54675
2008-06-13,0.60102
2008-06-20,0.65792
2008-06-27,0.71044
2008-07-04,0.74300
2008-07-11,0.75203
2008-07-18,0.74213
2008-07-25,0.71363
2008-08-01,0.68269
2008-08-08,0.66676
2008-08-15,0.67413
2008-08-22,0.72963
2008-08-29,0.83736
2008-09-05,1.00481
2008-09-12,1.22614
2008-09-19,1.51057
2008-09-26,1.79272
2008-10-03,2.07371
2008-10-10,2.32489
2008-10-17,2.51922
2008-10-24,2.65918
2008-10-31,2.77813
2008-11-07,2.86920
2008-11-14,2.94907
2008-11-21,3.02590
2008-11-28,3.05337
2008-12-05,3.04701
2008-12-12,2.98240
2008-12-19,2.85775
2008-12-26,2.69785
2009-01-02,2.54479
2009-01-09,2.39244
2009-01-16,2.26905
2009-01-23,2.17924
2009-01-30,2.11973
2009-02-06,2.08958
2009-02-13,2.09044
2009-02-20,2.10769
2009-02-27,2.12468
2009-03-06,2.12943
2009-03-13,2.09246
2009-03-20,2.02009
2009-03-27,1.91492
2009-04-03,1.79047
2009-04-10,1.65056
2009-04-17,1.50913
2009-04-24,1.37047
2009-05-01,1.23568
2009-05-08,1.11186
2009-05-15,1.01037
2009-05-22,0.92624
2009-05-29,0.86697
2009-06-05,0.81998
2009-06-12,0.78453
2009-06-19,0.75462
2009-06-26,0.71804
2009-07-03,0.67274
2009-07-10,0.61769
2009-07-17,0.55104
2009-07-24,0.47955
2009-07-31,0.41096
2009-08-07,0.35125
2009-08-14,0.30254
2009-08-21,0.26225
2009-08-28,0.22583
2009-09-04,0.19374
2009-09-11,0.16071
2009-09-18,0.12785
2009-09-25,0.09894
2009-10-02,0.07681
2009-10-09,0.05619
2009-10-16,0.03935
2009-10-23,0.02624
2009-10-30,0.01840
2009-11-06,0.00951
2009-11-13,-0.00231
2009-11-20,-0.01623
2009-11-27,-0.03474
2009-12-04,-0.05928
2009-12-11,-0.09017
2009-12-18,-0.12284
2009-12-25,-0.15374
2010-01-01,-0.17896
2010-01-08,-0.19929
2010-01-15,-0.20872
2010-01-22,-0.20725
2010-01-29,-0.20277
2010-02-05,-0.19877
2010-02-12,-0.20180
2010-02-19,-0.21877
2010-02-26,-0.24750
2010-03-05,-0.28735
2010-03-12,-0.33362
2010-03-19,-0.37935
2010-03-26,-0.42016
2010-04-02,-0.44862
2010-04-09,-0.46043
2010-04-16,-0.44925
2010-04-23,-0.41359
2010-04-30,-0.35431
2010-05-07,-0.27707
2010-05-14,-0.20025
2010-05-21,-0.12683
2010-05-28,-0.07210
2010-06-04,-0.04107
2010-06-11,-0.03212
2010-06-18,-0.04684
2010-06-25,-0.07435
2010-07-02,-0.10896
2010-07-09,-0.15078
2010-07-16,-0.19131
2010-07-23,-0.22471
2010-07-30,-0.24933
2010-08-06,-0.26368
2010-08-13,-0.26853
2010-08-20,-0.26981
2010-08-27,-0.27191
2010-09-03,-0.27918
2010-09-10,-0.29397
2010-09-17,-0.31325
2010-09-24,-0.33515
2010-10-01,-0.35916
2010-10-08,-0.38285
2010-10-15,-0.40455
2010-10-22,-0.42203
2010-10-29,-0.43575
2010-11-05,-0.44486
2010-11-12,-0.44822
2010-11-19,-0.45031
2010-11-26,-0.45278
2010-12-03,-0.45864
2010-12-10,-0.47047
2010-12-17,-0.48581
2010-12-24,-0.50521
2010-12-31,-0.52632
2011-01-07,-0.54790
2011-01-14,-0.56810
2011-01-21,-0.58545
2011-01-28,-0.59746
2011-02-04,-0.60240
2011-02-11,-0.60071
2011-02-18,-0.59120
2011-02-25,-0.57608
2011-03-04,-0.56231
2011-03-11,-0.55169
2011-03-18,-0.54618
2011-03-25,-0.55117
2011-04-01,-0.56201
2011-04-08,-0.57643
2011-04-15,-0.58989
2011-04-22,-0.59942
2011-04-29,-0.60310
2011-05-06,-0.59987
2011-05-13,-0.59047
2011-05-20,-0.57809
2011-05-27,-0.56425
2011-06-03,-0.55085
2011-06-10,-0.53847
2011-06-17,-0.52958
2011-06-24,-0.52249
2011-07-01,-0.51554
2011-07-08,-0.50359
2011-07-15,-0.48124
2011-07-22,-0.44693
2011-07-29,-0.39785
2011-08-05,-0.33374
2011-08-12,-0.26193
2011-08-19,-0.19844
2011-08-26,-0.14005
2011-09-02,-0.09746
2011-09-09,-0.06562
2011-09-16,-0.04767
2011-09-23,-0.03858
2011-09-30,-0.04078
2011-10-07,-0.05251
2011-10-14,-0.07409
2011-10-21,-0.09237
2011-10-28,-0.10653
2011-11-04,-0.10801
2011-11-11,-0.10055
2011-11-18,-0.08787
2011-11-25,-0.07488
2011-12-02,-0.07321
2011-12-09,-0.07944
2011-12-16,-0.09329
2011-12-23,-0.11773
2011-12-30,-0.15184
2012-01-06,-0.19325
2012-01-13,-0.23967
2012-01-20,-0.28592
2012-01-27,-0.32780
2012-02-03,-0.36057
2012-02-10,-0.38444
2012-02-17,-0.40002
2012-02-24,-0.41202
2012-03-02,-0.42301
2012-03-09,-0.43129
2012-03-16,-0.43889
2012-03-23,-0.44261
2012-03-30,-0.44053
2012-04-06,-0.43290
2012-04-13,-0.42013
2012-04-20,-0.40450
2012-04-27,-0.38351
2012-05-04,-0.35742
2012-05-11,-0.32578
2012-05-18,-0.29223
2012-05-25,-0.26534
2012-06-01,-0.24615
2012-06-08,-0.23873
2012-06-15,-0.24420
2012-06-22,-0.25961
2012-06-29,-0.27899
2012-07-06,-0.30203
2012-07-13,-0.32571
2012-07-20,-0.34953
2012-07-27,-0.37092
2012-08-03,-0.39235
2012-08-10,-0.41154
2012-08-17,-0.42975
2012-08-24,-0.44784
2012-08-31,-0.46521
2012-09-07,-0.48366
2012-09-14,-0.50290
2012-09-21,-0.51915
2012-09-28,-0.53228
2012-10-05,-0.54333
2012-10-12,-0.55030
2012-10-19,-0.55441
2012-10-26,-0.55421
2012-11-02,-0.55293
2012-11-09,-0.55107
2012-11-16,-0.55056
2012-11-23,-0.55429
2012-11-30,-0.55997
2012-12-07,-0.56848
2012-12-14,-0.57990
2012-12-21,-0.59233
2012-12-28,-0.60444
2013-01-04,-0.61900
2013-01-11,-0.63175
2013-01-18,-0.64132
2013-01-25,-0.64809
2013-02-01,-0.65162
2013-02-08,-0.65288
2013-02-15,-0.65421
2013-02-22,-0.65517
2013-03-01,-0.65560
2013-03-08,-0.65785
2013-03-15,-0.66072
2013-03-22,-0.66370
2013-03-29,-0.66838
2013-04-05,-0.67560
2013-04-12,-0.68607
2013-04-19,-0.69684
2013-04-26,-0.70913
2013-05-03,-0.71898
2013-05-10,-0.72400
2013-05-17,-0.72179
2013-05-24,-0.71226
2013-05-31,-0.69610
2013-06-07,-0.67656
2013-06-14,-0.65762
2013-06-21,-0.64201
2013-06-28,-0.63460
2013-07-05,-0.63480
2013-07-12,-0.64217
2013-07-19,-0.65426
2013-07-26,-0.66590
2013-08-02,-0.67402
2013-08-09,-0.67783
2013-08-16,-0.67697
2013-08-23,-0.67299
2013-08-30,-0.66908
2013-09-06,-0.66745
2013-09-13,-0.66950
2013-09-20,-0.67442
2013-09-27,-0.68198
2013-10-04,-0.69174
2013-10-11,-0.70407
2013-10-18,-0.71803
2013-10-25,-0.73186
2013-11-01,-0.74380
2013-11-08,-0.75438
2013-11-15,-0.76323
2013-11-22,-0.76990
2013-11-29,-0.77516
2013-12-06,-0.77891
2013-12-13,-0.78199
2013-12-20,-0.78389
2013-12-27,-0.78478
2014-01-03,-0.78243
2014-01-10,-0.77963
2014-01-17,-0.77539
2014-01-24,-0.77103
2014-01-31,-0.76830
2014-02-07,-0.76882
2014-02-14,-0.77256
2014-02-21,-0.77687
2014-02-28,-0.78107
2014-03-07,-0.78404
2014-03-14,-0.78449
2014-03-21,-0.78358
2014-03-28,-0.78081
2014-04-04,-0.77893
2014-04-11,-0.77640
2014-04-18,-0.77455
2014-04-25,-0.77393
2014-05-02,-0.77523
2014-05-09,-0.77819
2014-05-16,-0.78242
2014-05-23,-0.78866
2014-05-30,-0.79452
2014-06-06,-0.79792
2014-06-13,-0.79817
2014-06-20,-0.79487
2014-06-27,-0.78796
2014-07-04,-0.77805
2014-07-11,-0.76661
2014-07-18,-0.75455
2014-07-25,-0.74400
2014-08-01,-0.73551
2014-08-08,-0.73057
2014-08-15,-0.73006
2014-08-22,-0.72982
2014-08-29,-0.72741
2014-09-05,-0.72151
2014-09-12,-0.71071
2014-09-19,-0.69542
2014-09-26,-0.67785
2014-10-03,-0.66133
2014-10-10,-0.64932
2014-10-17,-0.64121
2014-10-24,-0.64244
2014-10-31,-0.64760
2014-11-07,-0.65478
2014-11-14,-0.65977
2014-11-21,-0.65903
2014-11-28,-0.65232
2014-12-05,-0.63905
2014-12-12,-0.61882
2014-12-19,-0.59556
2014-12-26,-0.57343
2015-01-02,-0.55084
2015-01-09,-0.53246
2015-01-16,-0.51782
2015-01-23,-0.50942
2015-01-30,-0.50604
2015-02-06,-0.50753
2015-02-13,-0.51227
2015-02-20,-0.51915
2015-02-27,-0.52635
2015-03-06,-0.53147
2015-03-13,-0.53526
2015-03-20,-0.53852
2015-03-27,-0.54038
2015-04-03,-0.54208
2015-04-10,-0.54421
2015-04-17,-0.54566
2015-04-24,-0.54771
2015-05-01,-0.54865
2015-05-08,-0.54853
2015-05-15,-0.54890
2015-05-22,-0.54944
2015-05-29,-0.54921
2015-06-05,-0.54852
2015-06-12,-0.54737
2015-06-19,-0.54463
2015-06-26,-0.54191
2015-07-03,-0.53675
2015-07-10,-0.53179
2015-07-17,-0.52642
2015-07-24,-0.51677
2015-07-31,-0.50208
2015-08-07,-0.48314
2015-08-14,-0.46153
2015-08-21,-0.43891
2015-08-28,-0.41852
2015-09-04,-0.40541
2015-09-11,-0.39964
2015-09-18,-0.39983
2015-09-25,-0.40566
2015-10-02,-0.41552
2015-10-09,-0.43138
2015-10-16,-0.44600
2015-10-23,-0.45904
2015-10-30,-0.46834
2015-11-06,-0.47195
2015-11-13,-0.46839
2015-11-20,-0.45898
2015-11-27,-0.44503
2015-12-04,-0.42642
2015-12-11,-0.40424
2015-12-18,-0.38258
2015-12-25,-0.36238
2016-01-01,-0.34461
2016-01-08,-0.32892
2016-01-15,-0.31515
2016-01-22,-0.30477
2016-01-29,-0.29795
2016-02-05,-0.29418
2016-02-12,-0.29431
2016-02-19,-0.30300
2016-02-26,-0.31612
2016-03-04,-0.33204
2016-03-11,-0.34788
2016-03-18,-0.36210
2016-03-25,-0.37169
2016-04-01,-0.37848
2016-04-08,-0.38204
2016-04-15,-0.38467
2016-04-22,-0.38637
2016-04-29,-0.38626
2016-05-06,-0.38472
2016-05-13,-0.38289
2016-05-20,-0.37995
2016-05-27,-0.37550
2016-06-03,-0.36935
2016-06-10,-0.36243
2016-06-17,-0.35459
2016-06-24,-0.34942
2016-07-01,-0.34625
2016-07-08,-0.34730
2016-07-15,-0.35140
2016-07-22,-0.35567
2016-07-29,-0.35999
2016-08-05,-0.36229
2016-08-12,-0.36258
2016-08-19,-0.36029
2016-08-26,-0.35520
2016-09-02,-0.34817
2016-09-09,-0.34226
2016-09-16,-0.33785
2016-09-23,-0.33661
2016-09-30,-0.33975
2016-10-07,-0.34690
2016-10-14,-0.35600
2016-10-21,-0.36720
2016-10-28,-0.38016
2016-11-04,-0.39221
2016-11-11,-0.40619
2016-11-18,-0.41904
2016-11-25,-0.43039
2016-12-02,-0.44036
2016-12-09,-0.44928
2016-12-16,-0.45625
2016-12-23,-0.46210
2016-12-30,-0.46850
2017-01-06,-0.47420
2017-01-13,-0.47999
2017-01-20,-0.48482
2017-01-27,-0.48848
2017-02-03,-0.49085
2017-02-10,-0.49212
2017-02-17,-0.49154
2017-02-24,-0.48942
2017-03-03,-0.48750
2017-03-10,-0.48494
2017-03-17,-0.48259
2017-03-24,-0.48108
2017-03-31,-0.48244
2017-04-07,-0.48577
2017-04-14,-0.49148
2017-04-21,-0.49923
2017-04-28,-0.50935
2017-05-05,-0.51946
2017-05-12,-0.52944
2017-05-19,-0.53829
2017-05-26,-0.54737
2017-06-02,-0.55458
2017-06-09,-0.56038
2017-06-16,-0.56477
2017-06-23,-0.56778
2017-06-30,-0.57102
2017-07-07,-0.57410
2017-07-14,-0.57736
2017-07-21,-0.57960
2017-07-28,-0.57926
2017-08-04,-0.57618
2017-08-11,-0.57091
2017-08-18,-0.56548
2017-08-25,-0.56144
2017-09-01,-0.55932
2017-09-08,-0.55904
2017-09-15,-0.56198
2017-09-22,-0.56646
2017-09-29,-0.57202
2017-10-06,-0.57897
2017-10-13,-0.58614
2017-10-20,-0.59304
2017-10-27,-0.59847
2017-11-03,-0.60270
2017-11-10,-0.60485
2017-11-17,-0.60594
2017-11-24,-0.60684
2017-12-01,-0.60791
2017-12-08,-0.60917
2017-12-15,-0.61185
2017-12-22,-0.61566
2017-12-29,-0.61933
2018-01-05,-0.62299
2018-01-12,-0.62299
2018-01-19,-0.61850
2018-01-26,-0.60949
2018-02-02,-0.59562
2018-02-09,-0.57784
2018-02-16,-0.56206
2018-02-23,-0.54717
2018-03-02,-0.53281
2018-03-09,-0.51968
2018-03-16,-0.50914
2018-03-23,-0.50157
2018-03-30,-0.49988
2018-04-06,-0.50346
2018-04-13,-0.51352
2018-04-20,-0.52781
2018-04-27,-0.54136
2018-05-04,-0.55335
2018-05-11,-0.56249
2018-05-18,-0.56731
2018-05-25,-0.56688
2018-06-01,-0.56193
2018-06-08,-0.55606
2018-06-15,-0.54914
2018-06-22,-0.54324
2018-06-29,-0.54004
2018-07-06,-0.54127
2018-07-13,-0.54678
2018-07-20,-0.55487
2018-07-27,-0.56410
2018-08-03,-0.57334
2018-08-10,-0.58247
2018-08-17,-0.58951
2018-08-24,-0.59533
2018-08-31,-0.59942
2018-09-07,-0.60166
2018-09-14,-0.60207
2018-09-21,-0.59954
2018-09-28,-0.59521
2018-10-05,-0.58849
2018-10-12,-0.57848
2018-10-19,-0.56718
2018-10-26,-0.55359
2018-11-02,-0.53825
2018-11-09,-0.52208
2018-11-16,-0.50254
2018-11-23,-0.48115
2018-11-30,-0.46073
2018-12-07,-0.44148
2018-12-14,-0.42800
2018-12-21,-0.42199
2018-12-28,-0.42547
2019-01-04,-0.43864
2019-01-11,-0.45882
2019-01-18,-0.48258
2019-01-25,-0.50715
2019-02-01,-0.53119
2019-02-08,-0.55185
2019-02-15,-0.56925
2019-02-22,-0.58266
2019-03-01,-0.59170
2019-03-08,-0.59699
2019-03-15,-0.60090
2019-03-22,-0.60486
2019-03-29,-0.60767
2019-04-05,-0.61187
2019-04-12,-0.61524
2019-04-19,-0.61730
2019-04-26,-0.61635
2019-05-03,-0.61291
2019-05-10,-0.60602
2019-05-17,-0.59771
2019-05-24,-0.58953
2019-05-31,-0.58145
2019-06-07,-0.57600
2019-06-14,-0.57377
2019-06-21,-0.57360
2019-06-28,-0.57593
2019-07-05,-0.57998
2019-07-12,-0.58204
2019-07-19,-0.58197
2019-07-26,-0.57873
2019-08-02,-0.57102
2019-08-09,-0.56019
2019-08-16,-0.54863
2019-08-23,-0.53837
2019-08-30,-0.52889
2019-09-06,-0.52186
2019-09-13,-0.51625
2019-09-20,-0.51200
2019-09-27,-0.51178
2019-10-04,-0.51519
2019-10-11,-0.52346
2019-10-18,-0.53582
2019-10-25,-0.54976
2019-11-01,-0.56201
2019-11-08,-0.57186
2019-11-15,-0.57721
2019-11-22,-0.57731
2019-11-29,-0.57232
2019-12-06,-0.56325
2019-12-13,-0.55556
2019-12-20,-0.55141
2019-12-27,-0.55603
2020-01-03,-0.56911
2020-01-10,-0.58902
2020-01-17,-0.61045
2020-01-24,-0.62404
2020-01-31,-0.62230
2020-02-07,-0.59708
2020-02-14,-0.53762
2020-02-21,-0.43710
2020-02-28,-0.29686
2020-03-06,-0.13327
2020-03-13,0.03575
2020-03-20,0.18357
2020-03-27,0.27759
2020-04-03,0.31639
2020-04-10,0.30244
2020-04-17,0.24613
2020-04-24,0.16671
2020-05-01,0.06840
2020-05-08,-0.03204
2020-05-15,-0.12323
2020-05-22,-0.20379
2020-05-29,-0.26791
2020-06-05,-0.31488
2020-06-12,-0.34489
2020-06-19,-0.36751
2020-06-26,-0.38572
2020-07-03,-0.40293
2020-07-10,-0.42165
2020-07-17,-0.44069
2020-07-24,-0.45996
2020-07-31,-0.47766
2020-08-07,-0.49148
2020-08-14,-0.50183
2020-08-21,-0.50799
2020-08-28,-0.50994
2020-09-04,-0.50764
2020-09-11,-0.50309
2020-09-18,-0.49909
2020-09-25,-0.49327
2020-10-02,-0.49002
2020-10-09,-0.49006
2020-10-16,-0.49246
2020-10-23,-0.49829
2020-10-30,-0.50677
2020-11-06,-0.52038
2020-11-13,-0.53718
2020-11-20,-0.55347
2020-11-27,-0.56816
2020-12-04,-0.58112
2020-12-11,-0.59138
2020-12-18,-0.59878
2020-12-25,-0.60501
2021-01-01,-0.61033
2021-01-08,-0.61489
2021-01-15,-0.61761
2021-01-22,-0.61962
2021-01-29,-0.61996
2021-02-05,-0.62214
2021-02-12,-0.62384
2021-02-19,-0.62564
2021-02-26,-0.62772
2021-03-05,-0.63192
2021-03-12,-0.63698
2021-03-19,-0.64246
2021-03-26,-0.64909
2021-04-02,-0.65609
2021-04-09,-0.66438
2021-04-16,-0.67127
2021-04-23,-0.67759
2021-04-30,-0.68292
2021-05-07,-0.68781
2021-05-14,-0.68990
2021-05-21,-0.69237
2021-05-28,-0.69452
2021-06-04,-0.69543
2021-06-11,-0.69466
2021-06-18,-0.69155
2021-06-25,-0.68748
2021-07-02,-0.68187
2021-07-09,-0.67513
2021-07-16,-0.66836
2021-07-23,-0.66182
2021-07-30,-0.65649
2021-08-06,-0.65185
2021-08-13,-0.64912
2021-08-20,-0.64747
2021-08-27,-0.64817
2021-09-03,-0.64935
2021-09-10,-0.65122
2021-09-17,-0.65341
2021-09-24,-0.65466
2021-10-01,-0.65498
2021-10-08,-0.65326
2021-10-15,-0.64770
2021-10-22,-0.63786
2021-10-29,-0.62338
2021-11-05,-0.60560
2021-11-12,-0.58615
2021-11-19,-0.56792
2021-11-26,-0.55172
2021-12-03,-0.54049
2021-12-10,-0.53829
2021-12-17,-0.54093
2021-12-24,-0.54803
2021-12-31,-0.55670
2022-01-07,-0.56268
2022-01-14,-0.56290
2022-01-21,-0.55640
2022-01-28,-0.54239
2022-02-04,-0.52344
2022-02-11,-0.49796
2022-02-18,-0.46820
2022-02-25,-0.43844
2022-03-04,-0.41113
2022-03-11,-0.38996
2022-03-18,-0.37800
2022-03-25,-0.37239
2022-04-01,-0.37032
2022-04-08,-0.36809
2022-04-15,-0.36144
2022-04-22,-0.35118
2022-04-29,-0.33620
2022-05-06,-0.31867
2022-05-13,-0.29996
2022-05-20,-0.28114
2022-05-27,-0.26001
2022-06-03,-0.23701
2022-06-10,-0.21251
2022-06-17,-0.18857
2022-06-24,-0.17262
2022-07-01,-0.16626
2022-07-08,-0.16955
2022-07-15,-0.18293
2022-07-22,-0.20200
2022-07-29,-0.22016
2022-08-05,-0.23337
2022-08-12,-0.24082
2022-08-19,-0.23850
2022-08-26,-0.22599
2022-09-02,-0.20509
2022-09-09,-0.17922
2022-09-16,-0.15141
2022-09-23,-0.12618
2022-09-30,-0.10737
2022-10-07,-0.10028
2022-10-14,-0.10231
2022-10-21,-0.11295
2022-10-28,-0.12827
2022-11-04,-0.14626
2022-11-11,-0.16339
2022-11-18,-0.17626
2022-11-25,-0.18409
2022-12-02,-0.18874
2022-12-09,-0.19174
2022-12-16,-0.19814
2022-12-23,-0.20819
2022-12-30,-0.22551
2023-01-06,-0.24824
2023-01-13,-0.27273
2023-01-20,-0.29366
2023-01-27,-0.31045
2023-02-03,-0.31784
2023-02-10,-0.31403
2023-02-17,-0.29955
2023-02-24,-0.27414
2023-03-03,-0.24317
2023-03-10,-0.21062
2023-03-17,-0.17912
2023-03-24,-0.16050
2023-03-31,-0.15684
2023-04-07,-0.16033
2023-04-14,-0.17179
2023-04-21,-0.18544
2023-04-28,-0.19623
2023-05-05,-0.20452
2023-05-12,-0.21104
2023-05-19,-0.21502
2023-05-26,-0.21697
2023-06-02,-0.21874
2023-06-09,-0.21975
2023-06-16,-0.22174
2023-06-23,-0.22577
2023-06-30,-0.23184
2023-07-07,-0.24056
2023-07-14,-0.25343
2023-07-21,-0.26836
2023-07-28,-0.28427
2023-08-04,-0.30163
2023-08-11,-0.31747
2023-08-18,-0.32996
2023-08-25,-0.33877
2023-09-01,-0.34435
2023-09-08,-0.34413
2023-09-15,-0.33937
2023-09-22,-0.33033
2023-09-29,-0.31799
2023-10-06,-0.30667
2023-10-13,-0.29700
2023-10-20,-0.29098
2023-10-27,-0.29005
2023-11-03,-0.29483
2023-11-10,-0.30341
2023-11-17,-0.31396
2023-11-24,-0.32515
2023-12-01,-0.33553
2023-12-08,-0.34433
2023-12-15,-0.35328
2023-12-22,-0.36242
2023-12-29,-0.37089
2024-01-05,-0.37953
2024-01-12,-0.38768
2024-01-19,-0.39489
2024-01-26,-0.40114
2024-02-02,-0.40805
2024-02-09,-0.41487
2024-02-16,-0.42271
2024-02-23,-0.43077
2024-03-01,-0.43703
2024-03-08,-0.44057
2024-03-15,-0.44190
2024-03-22,-0.43988
2024-03-29,-0.43520
2024-04-05,-0.42962
2024-04-12,-0.42365
2024-04-19,-0.41850
2024-04-26,-0.41641
2024-05-03,-0.41642
2024-05-10,-0.41736
2024-05-17,-0.41792
2024-05-24,-0.41746
2024-05-31,-0.41404
2024-06-07,-0.40840
2024-06-14,-0.40125
2024-06-21,-0.39363
2024-06-28,-0.38713
2024-07-05,-0.38201
2024-07-12,-0.37667
2024-07-19,-0.37178
2024-07-26,-0.36805
2024-08-02,-0.36598
2024-08-09,-0.36697
2024-08-16,-0.37510
2024-08-23,-0.38531
2024-08-30,-0.39680
2024-09-06,-0.40804
2024-09-13,-0.41790
2024-09-20,-0.42580
2024-09-27,-0.43188
2024-10-04,-0.43583
2024-10-11,-0.43878
2024-10-18,-0.44305
2024-10-25,-0.44749
2024-11-01,-0.45353
2024-11-08,-0.46161
2024-11-15,-0.46925
2024-11-22,-0.47451
2024-11-29,-0.47814
2024-12-06,-0.48067
2024-12-13,-0.48243
2024-12-20,-0.48379
2024-12-27,-0.48810
2025-01-03,-0.49313
2025-01-10,-0.49946
2025-01-17,-0.50482
2025-01-24,-0.50977
2025-01-31,-0.51253
2025-02-07,-0.51122
2025-02-14,-0.50644
2025-02-21,-0.49676
2025-02-28,-0.48326
2025-03-07,-0.46658
2025-03-14,-0.44832
2025-03-21,-0.43049
2025-03-28,-0.41373
2025-04-04,-0.39872
2025-04-11,-0.38787
2025-04-18,-0.38823
2025-04-25,-0.39471
2025-05-02,-0.40800
2025-05-09,-0.42521
2025-05-16,-0.44261
2025-05-23,-0.45711
2025-05-30,-0.46880
2025-06-06,-0.47776
2025-06-13,-0.48507
2025-06-20,-0.49142
2025-06-27,-0.49809
2025-07-04,-0.50504
2025-07-11,-0.51158
2025-07-18,-0.51675
2025-07-25,-0.52108
2025-08-01,-0.52411
2025-08-08,-0.52614
2025-08-15,-0.52893
2025-08-22,-0.53029
2025-08-29,-0.53154
2025-09-05,-0.53185
2025-09-12,-0.53225
2025-09-19,-0.53131
2025-09-26,-0.53050
2025-10-03,-0.52960
2025-10-10,-0.52798
2025-10-17,-0.52521
2025-10-24,-0.52338
2025-10-31,-0.52175
2025-11-07,-0.52047
2025-11-14,-0.52059
2025-11-21,-0.52182
2025-11-28,-0.52426
